reference,curie-organisations,geography-codes,name,start-year,end-year,adoption-date,documentation-url,document-url,entry-date
bdf-lut-cbf-mineral-waste-plan-2028,local-authority:BDF;local-authority:LUT;local-authority:CBF,E60000143-E60000145-E60000144,Minerals & Waste Core Strategy,2013,2028,2014-01-30,https://www.centralbedfordshire.gov.uk/info/48/minerals_and_waste/450/development_framework/2,https://www.centralbedfordshire.gov.uk/migrated_images/minerals-waste_tcm3-2120.pdf,2026-01-27
bkm-mineral-waste-plan-2036,local-authority:BKM,E10000002,M&W Local Plan,2016,2036,2019-07-25,https://www.buckinghamshire.gov.uk/planning-and-building-control/planning-policy/local-development-scheme/,https://buckinghamshire-gov-uk.s3.amazonaws.com/documents/buckinghamshire-minerals-and-waste-local-plan-2016-2036_yiYUGSb.pdf,2026-01-27
bkm-mineral-waste-plan-2026,local-authority:BKM,E10000002,Minerals & Waste Core Strategy,,2026,2012-11-22,https://www.buckinghamshire.gov.uk/planning-and-building-control/planning-policy/local-development-scheme/,https://buckinghamshire.moderngov.co.uk/Data/BCC%20County%20Council/201211220930/Agenda/Appendix%20-%20Minerals%20and%20Waste%20Core%20Strategy.pdf,2026-01-27
bol-bur-man-old-rch-slf-skp-tam-trf-wgn-mineral-plan-2028,local-authority:BOL;local-authority:BUR;local-authority:MAN;local-authority:OLD;local-authority:RCH;local-authority:SLF;local-authority:SKP;local-authority:TAM;local-authority:TRF;local-authority:WGN,E60000025-E60000026-E60000027-E60000028-E60000029-E60000030-E60000031-E60000032-E60000033-E60000034,Minerals,,2028,2013-04-26,https://www.greatermanchester-ca.gov.uk/what-we-do/planning-and-housing/strategic-planning/greater-manchester-joint-minerals-development-plan/,https://www.greatermanchester-ca.gov.uk/media/8344/2a_adopted_minerals_plan.pdf,2026-01-27
brc-rdg-wok-wbk-mineral-waste-plan-2036,local-authority:BRC;local-authority:RDG;local-authority:WOK;local-authority:WBK,E60000221-E60000227-E60000232-E60000230,Joint Minerals and Waste Plan,,2036,2023-01-11,https://www.reading.gov.uk/planning-and-building-control/planning-policy/the-central-and-eastern-berkshire-minerals-and-waste-plan/,https://images.reading.gov.uk/2023/02/CEBJMWP-Adopted-January-2023.pdf,2026-01-27
cam-pte-mineral-waste-plan-2036,local-authority:CAM;local-authority:PTE,E10000003-E60000146,Joint Minerals and Waste Plan,2016,2036,2021-07-28,https://www.cambridgeshire.gov.uk/business/planning-and-development/planning-policy/adopted-minerals-and-waste-plan,https://cccandpcc.sharepoint.com/:b:/r/sites/PCCPlanningPolicyPublicData/Shared%20Documents/Planning%20Policy/Adopted%20Local%20Plan/Minerals%20and%20Waste%20Local%20Plan/1)%20Minerals%20and%20Waste%20Local%20Plan%20Adopted%20July%202021.pdf?csf=1&web=1&e=VLgxrv,2026-01-27
cam-pte-mineral-waste-plan-2026,local-authority:CAM;local-authority:PTE,E10000003-E60000146,M&W Core Strategy,2006,2026,2011-07-19,,https://democracy.peterborough.gov.uk/documents/s8175/Minerals%20and%20Waste%20-%20Adopted%20Core%20Strategy%20DPD.pdf,2026-01-27
cam-pte-mineral-waste-plan-2026,local-authority:CAM;local-authority:PTE,E10000003-E60000146,M&W Site Specific Proposals,2006,2026,2012-02-22,,https://files.cambridge.gov.uk/public/ldf/coredocs/RD-AD/RD-AD-090/Site%20Specific%20Proposals%20Section%201-7.pdf,2026-01-27
cma-mineral-waste-plan-2020,local-authority:CMA,E10000006,Minerals & Waste Core Strategy,,2020,2009-04-23,,https://consultations.southglos.gov.uk/gf2.ti/f/251202/7303717.1/PDF/-/RD65%20Cumbria%20County%20Council%20Minerals%20%20Waste%20Core%20Strategy.pdf,2026-01-27
cma-mineral-waste-plan-2030,local-authority:CMA,E10000006,Minerals & Waste LP,2015,2030,2017-09-06,https://www.cumberland.gov.uk/planning-and-building-control/planning-policy/minerals-and-waste-local-plan,https://www.cumberland.gov.uk/sites/default/files/2024-12/cumbria_minerals_and_waste_local_plan_2015_to_2030.pdf,2026-01-27
cma-mineral-waste-plan-2011,local-authority:CMA,E10000006,Minerals & Waste site allocations,,,2011-01-20,,,2026-01-27
con-mineral-plan-2030,local-authority:CON,E60000291,Minerals Safeguarding Plan,,2030,2018-12-04,https://www.cornwall.gov.uk/planning-and-building-control/planning-policy/adopted-plans/minerals-safeguarding-development-plan-document/,https://www.cornwall.gov.uk/media/h21hc0ni/minerals-safeguarding-dpd-adoption-december-2018e.pdf,2026-01-27
dal-hpl-mdb-rcc-stt-mineral-waste-plan-2026,local-authority:DAL;local-authority:HPL;local-authority:MDB;local-authority:RCC;local-authority:STT,E60000002-E60000003-E60000004-E60000006-E60000007,Joint M&W Core Strategy,2011,2026,2011-09-15,https://www.middlesbrough.gov.uk/planning-and-development/planning-policy/tees-valley-joint-minerals-and-waste-dpds/,https://www.middlesbrough.gov.uk/media/ec0bfmsm/planning-policy-minerals-waste-stategy-dpd.pdf,2026-01-27
dal-hpl-mdb-rcc-stt-mineral-waste-plan-2026,local-authority:DAL;local-authority:HPL;local-authority:MDB;local-authority:RCC;local-authority:STT,E60000002-E60000003-E60000004-E60000006-E60000007,Joint M&W policies & sites,2011,2026,2011-09-15,https://www.middlesbrough.gov.uk/planning-and-development/planning-policy/tees-valley-joint-minerals-and-waste-dpds/,https://www.middlesbrough.gov.uk/media/amkcclcz/planning-policy-minerals-waste-policies-dpd.pdf,2026-01-27
dby-der-mineral-plan-2038,local-authority:DBY;local-authority:DER,E10000007-E60000073,Derbyshire & Derby Minerals Local Plan,2022,2038,,https://www.derbyshire.gov.uk/environment/planning/planning-policy/minerals-waste-development-framework/minerals-plan/minerals-local-plan.aspx,https://www.derbyshire.gov.uk/site-elements/documents/pdf/council/have-your-say/minerals-local-plan/derbyshire-and-derby-minerals-local-plan-pre-submission-draft-plan-january-2023.pdf,2026-01-27
dev-mineral-plan-2033,local-authority:DEV,E10000008,Minerals Plan,2011,2033,2017-02-16,https://www.devon.gov.uk/planning/planning-policies/minerals-and-waste-policy/devon-minerals-plan/,https://devoncc.sharepoint.com/sites/PublicDocs/Planning/Planning/Minerals%20policy%20documents/Devon%20Minerals%20Plan/Final%20Adopted%20Version/Devon%20Minerals%20Plan%202011-2033.pdf?ga=1,2026-01-27
dor-mineral-plan-2028,local-authority:DOR,E10000009,Minerals Core Strategy,2011,2028,2014-05-06,https://www.dorsetcouncil.gov.uk/w/minerals-strategy,https://www.dorsetcouncil.gov.uk/documents/35024/283152/minerals-strategy-2014-chapters-1-8-compressed.pdf/9022e767-ff8a-d94b-14de-9c3a5279f961,2026-01-27
dor-bpc-mineral-plan-2034,local-authority:DOR;local-authority:BPC,E10000009-E06000028,Minerals Sites Plan,2019,2034,2019-08-01,https://www.dorsetcouncil.gov.uk/w/mineral-sites-plan,https://www.dorsetcouncil.gov.uk/documents/35024/285757/MSP+-+Pt+1+-+Pages+1-64.pdf/30e68f58-dac3-b948-d0d1-a91a1121eee7,2026-01-27
dur-mineral-waste-plan-2035,local-authority:DUR,E60000001,Minerals & Waste Plan,,2035,2024-07-17,https://www.durham.gov.uk/MWDPDadoption,https://www.durham.gov.uk/media/45066/County-Durham-Minerals-and-Waste-Policies-and-Allocations-Document-July-2024/pdf/MWDPDAllocationsDocument.pdf?m=1721149401913,2026-01-27
ess-mineral-plan-2029,local-authority:ESS,E10000012,Minerals Plan,2012,2029,2014-07-01,https://www.essex.gov.uk/planning-land-and-recycling/planning-and-development/minerals-and-waste-planning-policy/existing,https://www.essex.gov.uk/sites/default/files/migration_data/files/assets.ctfassets.net/knkzaf64jx5x/5UZuVtnjZbJ81olvZoZKVX/90acfc65df6fa8ee8ab20df3f0cda1c8/essex-minerals-local-plan-adopted-july-2014.pdf,2026-01-27
esx-bnh-q20198711-mineral-waste-plan-2030,local-authority:ESX;local-authority:BNH;national-park-authority:Q20198711,E10000011-E60000222-E60000325,Waste and Minerals Local Plan - Revised Policies,2019,2030,2024-10-24,https://www.eastsussex.gov.uk/planning/waste-minerals-plans-monitoring-reports,https://www.eastsussex.gov.uk/media/k33egb25/revised-policies-rp08-v910.pdf,2026-01-27
esx-bnh-q20198711-mineral-waste-plan-2030,local-authority:ESX;local-authority:BNH;national-park-authority:Q20198711,E10000011-E60000222-E60000325,Waste and Minerals Local Plan - Revised Policies,2019,2030,2013-02-19,https://www.eastsussex.gov.uk/planning/waste-minerals-plans-monitoring-reports,https://www.eastsussex.gov.uk/media/k33egb25/revised-policies-rp08-v910.pdf,2026-01-27
esx-bnh-q20198711-mineral-waste-plan-2030,local-authority:ESX;local-authority:BNH;national-park-authority:Q20198711,E10000011-E60000222-E60000325,Waste and Minerals Local Plan - Revised Policies,2019,2030,2017-02-07,https://www.eastsussex.gov.uk/planning/waste-minerals-plans-monitoring-reports,https://www.eastsussex.gov.uk/media/k33egb25/revised-policies-rp08-v910.pdf,2026-01-27
gls-mineral-plan-2032,local-authority:GLS,E10000013,Minerals Local Plan,2018,2032,2020-03-20,https://www.gloucestershire.gov.uk/planning-and-environment/planning-policy/minerals/,https://www.gloucester.gov.uk/media/gmkiqy4b/dp004-minerals-local-plan-2020.pdf,2026-01-27
ham-mineral-waste-plan-2007,local-authority:HAM,E10000014,Minerals & Waste CS,,,2007-07-12,,,2026-01-27
ham-new-sth-por-q20198711-mineral-waste-plan-2030,local-authority:HAM;local-authority:NEW;local-authority:STH;local-authority:POR;national-park-authority:Q20198711,E10000014-E60000249-E60000229-E60000226-E60000325,Minerals & Waste Local Plan ,2011,2030,,https://www.hants.gov.uk/landplanningandenvironment/minerals-waste-planning/hampshire-minerals-waste-plan,https://documents.hants.gov.uk/mineralsandwaste/HampshireMineralsWastePlanADOPTED.pdf,2026-01-27
hef-mineral-waste-plan-2041,local-authority:HEF,E60000113,Minerals & Waste,,2041,2024-03-08,https://www.herefordshire.gov.uk/planning-and-building-control/local-plan/minerals-and-waste-local-plan/adopted-minerals-and-waste-local-plan/,https://www.herefordshire.gov.uk/media/azjjcj21/adopted_minerals_and_waste_local_plan.pdf,2026-01-27
hrt-mineral-plan,local-authority:HRT,E10000015,Minerals Local Plan,,,,,,2026-01-27
ken-mineral-waste-plan-2030,local-authority:KEN,E10000016,Mineral Sites Plan,2013,2030,2020-09-10,https://www.kent.gov.uk/about-the-council/strategies-and-policies/service-specific-policies/economic-regeneration-and-planning-policies/planning-policies/minerals-and-waste-planning-policy/kent-minerals-and-waste-local-plan-kmwlp,https://www.kent.gov.uk/__data/assets/pdf_file/0020/205508/Kent-Mineral-Sites-Plan.pdf,2026-01-27
ken-mineral-waste-plan-2039,local-authority:KEN,E10000016,Minerals and Waste Plan,2024,2039,2025-03-13,https://www.kent.gov.uk/about-the-council/strategies-and-policies/service-specific-policies/economic-regeneration-and-planning-policies/planning-policies/minerals-and-waste-planning-policy/kent-minerals-and-waste-local-plan-kmwlp,https://www.kent.gov.uk/__data/assets/pdf_file/0019/205507/Kent-minerals-and-waste-local-plan-2024-to-2039.pdf,2026-01-27
khl-ery-mineral-plan-2033,local-authority:KHL;local-authority:ERY,E60000053-E60000052,Joint Minerals Plan,2016,2033,2019-11-21,https://www.eastriding.gov.uk/planning-permission-and-building-control/planning-policy-and-the-local-plan/joint-minerals-plan/,https://downloads.eastriding.org.uk/corporate/planning/planning-policy-and-the-local-plan/joint-minerals-plan/jmp/Joint%20Minerals%20Local%20Plan%20-%20East%20Riding%20and%20Hull%202019.pdf,2026-01-27
lan-mineral-waste-plan-2021,local-authority:LAN,E10000017,Minerals & Waste Core Strategy,,2021,2009-02-26,https://www.lancashire.gov.uk/council/planning/local-planning-policy-for-minerals-and-waste/#corestrategy,https://www.lancashire.gov.uk/media/191785/CORE.pdf,2026-01-27
lds-mineral-waste-plan-2013,local-authority:LDS,E60000071,Natural Resources & Waste LP Policies Minerals 13 & 14,,,2013-01-16,https://www.leeds.gov.uk/planning/planning-policy/adopted-local-plan/natural-resources-and-waste-local-plan,https://www.leeds.gov.uk/sites/default/files/docs/Adopted%20Policies%20Minerals%2013%20and%2014.pdf,2026-01-27
lec-mineral-waste-plan-2031,local-authority:LEC,E10000018,Minerals & Waste Plan,2015,2031,2019-09-25,https://www.leicestershire.gov.uk/environment-and-planning/planning/minerals-and-waste-local-plan/the-development-plan,https://www.leicestershire.gov.uk/sites/default/files/field/pdf/2019/10/3/Leicestershire-Minerals-and-Waste-Local-Plan-Up-to-2031-Adopted-2019.pdf,2026-01-27
lec-mineral-plan-2021,local-authority:LEC,E10000018,Minerals CS & DC Policies,2001,2021,2009-10-08,,https://www.leicestershire.gov.uk/sites/default/files/field/pdf/2016/10/4/Minerals_core_strategy_development_control_policies.pdf,2026-01-27
lin-mineral-waste-plan-2031,local-authority:LIN,E10000019,Minerals & Waste Plan,2014,2031,2016-05-10,https://www.lincolnshire.gov.uk/directory-record/61697/minerals-and-waste-local-plan-core-strategy-and-development-management-policies,https://www.lincolnshire.gov.uk/downloads/file/2361/core-strategy-and-development-management-policies,2026-01-27
lin-mineral-waste-plan-2031,local-authority:LIN,E10000019,Minerals and Waste Site Locations,2014,2031,2017-12-15,https://www.lincolnshire.gov.uk/directory-record/63740/minerals-and-waste-local-plan-site-locations,https://www.lincolnshire.gov.uk/downloads/file/2274/adopted-site-locations-pdfa,2026-01-27
mik-mineral-plan-2031,local-authority:MIK,E60000225,Minerals Plan,2013,2031,2017-07-01,https://www.milton-keynes.gov.uk/planning-and-building/planning-policy/minerals-policy,https://www.milton-keynes.gov.uk/sites/default/files/2022-01/170511%20Minerals%20Local%20Plan%20-%20Adoption%20Version.pdf,2026-01-27
nfk-mineral-waste-plan-2026,local-authority:NFK,E10000020,M&W CS & DM policies,2010,2026,2011-09-26,,https://www.north-norfolk.gov.uk/media/9022/j3-core-strategy-minerals-waste-development-management-policies-dpd-2010-2026.pdf,2026-01-27
nfk-mineral-plan-2026,local-authority:NFK,E10000020,Minerals Site Specific Allocations,2010,2026,2013-10-28,,https://www.north-norfolk.gov.uk/media/9021/j4-mineral-site-specific-allocations-development-plan-document.pdf,2026-01-27
nfk-mineral-waste-plan-2038,local-authority:NFK,E10000020,Norfolk Minerals and Waste Local Plan,2023,2038,2025-05-20,https://norfolk.oc2.uk/document/71,https://norfolk.oc2.uk/docfiles/71/Adoption%20NM&WLP%20with%20main_add%20mods%20accepted%20-%20V4.pdf,2026-01-27
nth-mineral-plan-2011,local-authority:NTH,E10000021,Locations for Minerals Development,,,2011-03-24,,,2026-01-27
nth-mineral-waste-plan-2010,local-authority:NTH,E10000021,Minerals & Waste CS,,,2010-05-20,,,2026-01-27
nth-mineral-waste-plan-2031,local-authority:NTH,E10000021,Minerals and Waste Local Plan Update,2011,2031,2017-07-01,https://www.northnorthants.gov.uk/minerals-and-waste-planning-policy/adopted-minerals-and-waste-local-plan,https://cms.northnorthants.gov.uk/media/4661/download,2026-01-27
ntt-mineral-plan-2021,local-authority:NTT,E10000024,Minerals Local Plan,,,2021-03-25,,,2026-01-27
ntt-mineral-plan-2036,local-authority:NTT,E10000024,Minerals Plan,2018,2036,,https://www.nottinghamshire.gov.uk/planning-and-environment/minerals-local-plan/adopted-minerals-local-plan,https://www.nottinghamshire.gov.uk/media/5079375/adoptedmineralslocalplancompressed.pdf,2026-01-27
nyk-yor-q72617669-mineral-waste-plan-2030,local-authority:NYK;local-authority:YOR;national-park-authority:Q72617669,E10000023-E60000056-E60000322,Mineral and Waste Joint Plan,2016,2030,2022-02-16,https://www.northyorks.gov.uk/planning-and-conservation/planning-policy/planning-policy-minerals-and-waste/minerals-and-waste-joint-plan/minerals-and-waste-joint-plan,https://www.northyorks.gov.uk/sites/default/files/fileroot/planning_migrated/minerals_and_waste_plan/LPA128%20-%20%20MWJP%20Policy%20adopted%20document%20-%20Final%20-%20accessible.pdf,2026-01-27
oxf-mineral-waste-plan-2031,local-authority:OXF,E10000025,Oxfordshire Minerals and Waste Local Plan - Part 1 Core Strategy,2014,2031,2017-09-12,https://www.oxfordshire.gov.uk/residents/environment-and-planning/planning/planning-policy/minerals-and-waste-policy/core-strategy,https://www.oxfordshire.gov.uk/sites/default/files/file/planning-minerals-strategy-2017-and-2011/adoptedmineralswastecorestrategysept2017.pdf,2026-01-27
rdb-mineral-plan-2031,local-authority:RDB,E60000217,Minerals,,2031,2012-09-30,https://www.redbridge.gov.uk/planning-and-building/planning-policies/minerals-and-waste/,https://www.redbridge.gov.uk/media/zd3lpms1/ced103-redbridge-minerals-local-plan.pdf,2026-01-27
rut-mineral-plan-2026,local-authority:RUT,E60000076,Minerals CS & DC Policies,,2026,2010-10-11,https://www.rutland.gov.uk/planning-building-control/local-plan/adopted-local-plan,https://www.rutland.gov.uk/sites/default/files/2022-10/LP14%20-%20Minerals%20Core%20Strategy%20and%20Development%20Control%20Policies%20DPD%20%28October%202010%29.pdf,2026-01-27
sfk-mineral-waste-plan-2036,local-authority:SFK,E10000029,Minerals & Waste,,2036,2020-07-09,https://www.suffolk.gov.uk/planning-waste-and-environment/suffolk-minerals-and-waste-plan/adopted-suffolk-minerals-and-waste-local-plan,https://www.suffolk.gov.uk/asset-library/imported/chapters-1-to-18-smwlp-adopted-july-2020.pdf,2026-01-27
sfk-mineral-plan-2021,local-authority:SFK,E10000029,Minerals CS,,2021,2008-09-25,,https://www.ipswich.gov.uk/sites/ipswich/files/m-files/scd34_combined.pdf,2026-01-27
sfk-mineral-plan-2009,local-authority:SFK,E10000029,Minerals Site Specific Allocations,,,2009-09-24,,https://www.eastsuffolk.gov.uk/assets/Planning/Suffolk-Coastal-Local-Plan/Document-Library/Waste/Chapter-1-Introduction.pdf,2026-01-27
som-mineral-plan-2030,local-authority:SOM,E10000027,Minerals Plan,,2030,2015-02-18,https://www.somerset.gov.uk/planning-buildings-and-land/minerals-and-waste-planning/#Minerals%20Plan,https://somersetcc.sharepoint.com/sites/SCCPublic/Planning%20and%20Land/Forms/AllItems.aspx?id=%2Fsites%2FSCCPublic%2FPlanning%20and%20Land%2FMinerals%20and%20Waste%2FSomerset%20Minerals%20Plan%2Epdf&parent=%2Fsites%2FSCCPublic%2FPlanning%20and%20Land%2FMinerals%20and%20Waste&p=true&ga=1,2026-01-27
sry-mineral-plan-2026,local-authority:SRY,E10000030,Minerals CS,,2026,2011-07-19,https://www.surreycc.gov.uk/land-planning-and-development/minerals-and-waste/minerals-core-strategy-development-plan,https://www.surreycc.gov.uk/__data/assets/pdf_file/0007/81439/Adopted-Core-Strategy-Development-Plan-Document.pdf,2026-01-27
sts-mineral-plan-2030,local-authority:STS,E10000028,Minerals Plan,2015,2030,2017-02-16,https://www.staffordshire.gov.uk/environment/planning/policy/mineralslocalplan/mineralsLocalPlan.aspx,https://www.staffordshire.gov.uk/Environment/Planning/policy/mineralslocalplan/Documents/The-Minerals-Local-Plan-for-Staffordshire-2015-2030.PDF,2026-01-27
war-mineral-plan-2032,local-authority:WAR,E10000031,Warwickshire Minerals Local Plan,2018,2032,2022-07-19,https://www.warwickshire.gov.uk/mineralslocalplan,https://warwickshire-consult.objective.co.uk/file/6136944,2026-01-27
wbk-mineral-waste-plan-2037,local-authority:WBK,E60000230,Minerals and Waste Local Plan,2022,2037,2022-12-01,https://www.westberks.gov.uk/article/41069/The-Minerals-and-Waste-Local-Plan,https://www.westberks.gov.uk/media/53808/Final-Minerals-and-Waste-Local-Plan/pdf/FINAL_MWLP_09.11.22.pdf?m=1669718157867,2026-01-27
wil-swd-mineral-plan-2026,local-authority:WIL;local-authority:SWD,E60000299-E60000297,Aggregate Minerals Site Allocations,,2026,2013-05-14,https://www.wiltshire.gov.uk/article/1080/Minerals-and-Waste,https://www.wiltshire.gov.uk/media/8558/Aggregate-Minerals-Site-Allocations-Local-Plan-May-2013/pdf/minerals-adopted-sites-local-plan-may-13.pdf?m=1644848312187,2026-01-27
wil-swd-mineral-plan-2026,local-authority:WIL;local-authority:SWD,E60000299-E60000297,Minerals Core Strategy,2006,2026,2009-06-01,https://www.wiltshire.gov.uk/article/1080/Minerals-and-Waste,https://www.wiltshire.gov.uk/media/8546/minerals-core-strategy-june-2009/pdf/minerals-core-strategy-june-2009.pdf?m=1644847319550,2026-01-27
wil-swd-mineral-plan-2026,local-authority:WIL;local-authority:SWD,E60000299-E60000297,Minerals DC Policies,,2026,2009-09-01,https://www.wiltshire.gov.uk/article/1080/Minerals-and-Waste,https://www.wiltshire.gov.uk/media/8551/minerals-development-control-policies-dpd-September-2009/pdf/adopted-minerals-development-control-policies-dpd-2009-september.pdf?m=1644847883447,2026-01-27
wor-mineral-plan-2036,local-authority:WOR,E10000034,Minerals local Plan,2018,2036,2022-07-14,https://www.worcestershire.gov.uk/council-services/planning-and-developments/planning-policy-and-strategy/minerals-planning-policy/adopted-minerals-local-plan,https://www.worcestershire.gov.uk/sites/default/files/2022-11/Worcestershire_Minerals_Local_Plan__2018_2036_.pdf,2026-01-27
wsx-q20198711-mineral-plan-2033,local-authority:WSX;national-park-authority:Q20198711,E10000032-E60000325,Joint Minerals Local Plan,2018,2033,2018-07-20,https://www.westsussex.gov.uk/about-the-council/policies-and-reports/environment-planning-and-waste-policy-and-reports/minerals-and-waste-policy/joint-minerals-local-plan/,https://www.westsussex.gov.uk/media/11736/mlp_adoption.pdf,2026-01-27
wsx-q20198711-mineral-plan-2033,local-authority:WSX;national-park-authority:Q20198711,E10000032-E60000325,Joint Minerals Local Plan Soft Sand Review,2021,2033,2021-03-25,https://www.westsussex.gov.uk/about-the-council/policies-and-reports/environment-planning-and-waste-policy-and-reports/minerals-and-waste-policy/joint-minerals-local-plan/,https://www.westsussex.gov.uk/media/11736/mlp_adoption.pdf,2026-01-27
q27159704-mineral-plan-2013,national-park-authority:Q27159704,E60000320,Minerals Safeguarding areas,,,2013-11-20,,https://elibrary.cumbria.gov.uk/elibrary/Content/Internet/538/755/1929/17716/17717/4211710394.PDF,2026-01-27
