dataset,end-date,entity,entry-date,geojson,geometry,name,organisation-entity,point,prefix,quality,reference,start-date,typology,document-url,documentation-url,event-date,local-plan,local-plan-event,notes,organisation,predicted-earliest-date,predicted-latest-date
local-plan-timetable,,4230000,2024-12-10,,,,69,,local-plan-timetable,some,bury-metropolitan-borough-council-local-plan-2018-plan-adopted,,timetable,,,2024-03-21,bury-metropolitan-borough-council-local-plan-2018,plan-adopted,,,,
local-plan-timetable,,4230001,2024-12-10,,,,68,,local-plan-timetable,some,burnley-borough-council-local-plan-2012-submit-plan-for-examination,,timetable,,,2017-07-20,burnley-borough-council-local-plan-2012,submit-plan-for-examination,,,,
local-plan-timetable,,4230002,2024-12-10,,,,68,,local-plan-timetable,some,burnley-borough-council-local-plan-2012-reg-19-public-consultation-start,,timetable,,,2017-04-01,burnley-borough-council-local-plan-2012,reg-19-public-consultation-start,,,,
local-plan-timetable,,4230003,2024-12-10,,,,68,,local-plan-timetable,some,burnley-borough-council-local-plan-2012-reg-19-public-consultation-end,,timetable,,,2017-05-01,burnley-borough-council-local-plan-2012,reg-19-public-consultation-end,,,,
local-plan-timetable,,4230004,2024-12-10,,,,62,,local-plan-timetable,some,broxtowe-borough-council-local-plan-2022-estimated-plan-adoption-date,,timetable,,,2026-03-01,broxtowe-borough-council-local-plan-2022,estimated-plan-adoption-date,,,,
local-plan-timetable,,4230005,2024-12-10,,,,399,,local-plan-timetable,some,broads-authority-local-plan-2021-estimated-submit-plan-for-examination,,timetable,,,2025-05-01,broads-authority-local-plan-2021,estimated-submit-plan-for-examination,,,,
local-plan-timetable,,4230006,2024-12-10,,,,66,,local-plan-timetable,some,bristol-city-council-local-plan-2022-estimated-plan-adoption-date,,timetable,,,2026-03-01,bristol-city-council-local-plan-2022,estimated-plan-adoption-date,,,,
local-plan-timetable,,4230007,2024-11-11,,,,181,,local-plan-timetable,some,london-borough-of-islington-local-plan-2020-reg-18-public-consultation-end,,timetable,,,2019-01-14,london-borough-of-islington-local-plan-2020,reg-18-public-consultation-end,,,,
local-plan-timetable,,4230008,2024-12-06,,,,134,,local-plan-timetable,some,east-staffordshire-borough-council-local-plan-2012-plan-adopted,,timetable,,,2015-10-15,east-staffordshire-borough-council-local-plan-2012,plan-adopted,,,,
local-plan-timetable,,4230009,2024-12-06,,,,46,,local-plan-timetable,some,blaby-district-council-local-plan-2019-plan-adopted,,timetable,,,2019-02-04,blaby-district-council-local-plan-2019,plan-adopted,,,,
local-plan-timetable,,4230010,2024-12-06,,,,39,,local-plan-timetable,some,blackburn-with-darwen-borough-council-local-plan-2021-plan-adopted,,timetable,,,2024-01-25,blackburn-with-darwen-borough-council-local-plan-2021,plan-adopted,,,,
local-plan-timetable,,4230011,2024-12-06,,,,52,,local-plan-timetable,some,bolsover-district-council-local-plan-2014-plan-adopted,,timetable,,,2022-02-25,bolsover-district-council-local-plan-2014,plan-adopted,,,,
local-plan-timetable,,4230012,2024-12-06,,,,51,,local-plan-timetable,some,bolton-metropolitan-borough-council-local-plan-2008-plan-adopted,,timetable,,,2011-03-02,bolton-metropolitan-borough-council-local-plan-2008,plan-adopted,,,,
local-plan-timetable,,4230013,2024-12-06,,,,56,,local-plan-timetable,some,braintree-district-council-local-plan-2014-plan-adopted,,timetable,,,2022-07-25,braintree-district-council-local-plan-2014,plan-adopted,,,,
local-plan-timetable,,4230014,2024-12-06,,,,59,,local-plan-timetable,some,breckland-district-council-local-plan-2043-plan-adopted,,timetable,,,2023-09-21,breckland-district-council-local-plan-2043,plan-adopted,,,,
local-plan-timetable,,4230015,2024-12-06,,,,63,,local-plan-timetable,some,brentwood-borough-council-local-plan-2016-plan-adopted,,timetable,,,2022-03-23,brentwood-borough-council-local-plan-2016,plan-adopted,,,,
local-plan-timetable,,4230016,2024-12-06,,,,64,,local-plan-timetable,some,broxbourne-borough-council-local-plan-2018-plan-adopted,,timetable,,,2020-06-23,broxbourne-borough-council-local-plan-2018,plan-adopted,,,,
local-plan-timetable,,4230017,2024-12-06,,,,81,,local-plan-timetable,some,chelmsford-city-council-local-plan-2013-plan-adopted,,timetable,,,2020-05-27,chelmsford-city-council-local-plan-2013,plan-adopted,,,,
local-plan-timetable,,4230018,2024-12-06,,,,203,,local-plan-timetable,some,city-of-london-corporation-local-plan-2015-plan-adopted,,timetable,,,2015-01-15,city-of-london-corporation-local-plan-2015,plan-adopted,,,,
local-plan-timetable,,4230019,2024-12-06,,,,387,,local-plan-timetable,some,city-of-westminster-local-plan-2019-plan-adopted,,timetable,,,2021-04-21,city-of-westminster-local-plan-2019,plan-adopted,,,,
local-plan-timetable,,4230020,2024-12-18,,,,59,,local-plan-timetable,some,breckland-district-council-local-plan-2046-reg-18-draft-local-plan-published,,timetable,,,2024-06-01,breckland-district-council-local-plan-2046,reg-18-draft-local-plan-published,,,,
local-plan-timetable,,4230021,2024-12-18,,,,59,,local-plan-timetable,some,breckland-district-council-local-plan-2046-estimated-plan-adoption-date,,timetable,,,2026-10-01,breckland-district-council-local-plan-2046,estimated-plan-adoption-date,,,,
local-plan-timetable,,4230022,2025-02-03,,,,203,,local-plan-timetable,some,city-of-london-corporation-local-plan-2015-submit-plan-for-examination,,timetable,,,2014-05-21,city-of-london-corporation-local-plan-2015,submit-plan-for-examination,,,,
local-plan-timetable,,4230023,2025-03-18,,,,387,,local-plan-timetable,some,city-of-westminster-local-plan-2022-submit-plan-for-examination,,timetable,,,2024-11-28,city-of-westminster-local-plan-2022,submit-plan-for-examination,,,,
local-plan-timetable,,4230024,2025-03-18,,,,171,,local-plan-timetable,some,horsham-district-council-local-plan-2011-planning-inspectorate-examination-start,,timetable,,,2024-07-26,horsham-district-council-local-plan-2011,planning-inspectorate-examination-start,,,,
local-plan-timetable,,4230025,2025-03-18,,,,395,,local-plan-timetable,some,city-of-york-council-local-plan-2017-plan-adopted,,timetable,,,2025-02-27,city-of-york-council-local-plan-2017,plan-adopted,,,,
local-plan-timetable,,4230026,2025-03-20,,,,203,,local-plan-timetable,some,city-of-london-corporation-local-plan-2026-reg-19-publication-local-plan-published,,timetable,,,2024-04-18,city-of-london-corporation-local-plan-2026,reg-19-publication-local-plan-published,,,,
local-plan-timetable,,4230027,2024-12-10,,,,69,,local-plan-timetable,some,bury-metropolitan-borough-council-local-plan-2018-inspector-report-published,,timetable,,,2024-02-14,bury-metropolitan-borough-council-local-plan-2018,inspector-report-published,,,,
local-plan-timetable,,4230028,2024-12-10,,,,68,,local-plan-timetable,some,burnley-borough-council-local-plan-2012-inspector-report-published,,timetable,,,2018-07-09,burnley-borough-council-local-plan-2012,inspector-report-published,,,,
local-plan-timetable,,4230029,2024-12-10,,,,68,,local-plan-timetable,some,burnley-borough-council-local-plan-2012-reg-18-public-consultation-end,,timetable,,,2016-07-01,burnley-borough-council-local-plan-2012,reg-18-public-consultation-end,,,,
local-plan-timetable,,4230030,2024-12-10,,,,62,,local-plan-timetable,some,broxtowe-borough-council-local-plan-2022-estimated-submit-plan-for-examination,,timetable,,,2024-12-01,broxtowe-borough-council-local-plan-2022,estimated-submit-plan-for-examination,,,,
local-plan-timetable,,4230031,2024-12-10,,,,399,,local-plan-timetable,some,broads-authority-local-plan-2021-estimated-plan-adoption-date,,timetable,,,2026-12-01,broads-authority-local-plan-2021,estimated-plan-adoption-date,,,,
local-plan-timetable,,4230032,2024-12-10,,,,66,,local-plan-timetable,some,bristol-city-council-local-plan-2022-submit-plan-for-examination,,timetable,,,2024-04-25,bristol-city-council-local-plan-2022,submit-plan-for-examination,,,,
local-plan-timetable,,4230033,2024-12-06,,,,125,,local-plan-timetable,some,elmbridge-borough-council-local-plan-2011-plan-adopted,,timetable,,,2011-07-20,elmbridge-borough-council-local-plan-2011,plan-adopted,,,,
local-plan-timetable,,4230034,2025-02-03,,,,203,,local-plan-timetable,some,city-of-london-corporation-local-plan-2026-estimated-submit-plan-for-examination,,timetable,,,2024-09-01,city-of-london-corporation-local-plan-2026,estimated-submit-plan-for-examination,From LDS,,,
local-plan-timetable,,4230035,2025-03-20,,,,203,,local-plan-timetable,some,city-of-london-corporation-local-plan-2026-reg-19-public-consultation-start,,timetable,,,2024-04-18,city-of-london-corporation-local-plan-2026,reg-19-public-consultation-start,,,,
local-plan-timetable,,4230036,2025-03-20,,,,203,,local-plan-timetable,some,city-of-london-corporation-local-plan-2026-estimated-plan-adoption-date,,timetable,,,2026-03-01,city-of-london-corporation-local-plan-2026,estimated-plan-adoption-date,,,,
local-plan-timetable,,4230037,2024-12-10,,,,68,,local-plan-timetable,some,burnley-borough-council-local-plan-2012-planning-inspectorate-examination-start,,timetable,,,2017-07-01,burnley-borough-council-local-plan-2012,planning-inspectorate-examination-start,,,,
local-plan-timetable,,4230038,2024-12-10,,,,68,,local-plan-timetable,some,burnley-borough-council-local-plan-2012-planning-inspectorate-examination-end,,timetable,,,2018-07-01,burnley-borough-council-local-plan-2012,planning-inspectorate-examination-end,,,,
local-plan-timetable,,4230039,2024-12-10,,,,66,,local-plan-timetable,some,bristol-city-council-local-plan-2022-reg-19-publication-local-plan-published,,timetable,,,2023-11-21,bristol-city-council-local-plan-2022,reg-19-publication-local-plan-published,,,,
local-plan-timetable,,4230040,2024-12-06,,,,208,,local-plan-timetable,some,mansfield-district-council-local-plan-2013-plan-adopted,,timetable,,,2020-09-08,mansfield-district-council-local-plan-2013,plan-adopted,,,,
local-plan-timetable,,4230041,2024-12-06,,,,123,,local-plan-timetable,some,east-hertfordshire-district-council-local-plan-2011-plan-adopted,,timetable,,,2018-10-23,east-hertfordshire-district-council-local-plan-2011,plan-adopted,,,,
local-plan-timetable,,4230042,2024-12-06,,,,76,,local-plan-timetable,some,central-bedfordshire-council-local-plan-2015-plan-adopted,,timetable,,,2021-07-22,central-bedfordshire-council-local-plan-2015,plan-adopted,,,,
local-plan-timetable,,4230043,2024-12-06,,,,192,,local-plan-timetable,some,london-borough-of-lambeth-local-plan-2020-plan-adopted,,timetable,,,2021-09-22,london-borough-of-lambeth-local-plan-2020,plan-adopted,,,,
local-plan-timetable,,4230044,2024-12-06,,,,40,,local-plan-timetable,some,bedford-borough-council-local-plan-2030-plan-adopted,,timetable,,,2020-01-15,bedford-borough-council-local-plan-2030,plan-adopted,,,,
local-plan-timetable,,4230045,2025-02-03,,,,125,,local-plan-timetable,some,elmbridge-borough-council-local-plan-2022-submit-plan-for-examination,,timetable,,,2023-08-10,elmbridge-borough-council-local-plan-2022,submit-plan-for-examination,Documents submitted listed here https://www.elmbridge.gov.uk/local-plan-examination/submission-documents,,,
local-plan-timetable,,4230046,2024-12-06,,,,204,,local-plan-timetable,some,luton-borough-council-local-plan-2011-plan-adopted,,timetable,,,2017-11-07,luton-borough-council-local-plan-2011,plan-adopted,,,,
local-plan-timetable,,4230047,2025-03-20,,,,203,,local-plan-timetable,some,city-of-london-corporation-local-plan-2026-reg-19-public-consultation-end,,timetable,,,2024-06-17,city-of-london-corporation-local-plan-2026,reg-19-public-consultation-end,,,,
local-plan-timetable,,4230048,2024-12-10,,,,68,,local-plan-timetable,some,burnley-borough-council-local-plan-2012-reg-18-public-consultation-start,,timetable,,,2016-07-01,burnley-borough-council-local-plan-2012,reg-18-public-consultation-start,,,,
local-plan-timetable,,4230049,2024-12-06,,,,237,,local-plan-timetable,some,norwich-city-council-local-plan-2018-plan-adopted,,timetable,,,2024-03-28,norwich-city-council-local-plan-2018,plan-adopted,,,,
local-plan-timetable,,4230050,2025-03-20,,,,203,,local-plan-timetable,some,city-of-london-corporation-local-plan-2026-submit-plan-for-examination,,timetable,,,2024-08-29,city-of-london-corporation-local-plan-2026,submit-plan-for-examination,,,,
local-plan-timetable,,4230051,2024-12-06,,,,261,,local-plan-timetable,some,london-borough-of-redbridge-local-plan-2015-plan-adopted,,timetable,,,2018-03-15,london-borough-of-redbridge-local-plan-2015,plan-adopted,,,,
local-plan-timetable,,4230052,2024-12-06,,,,62,,local-plan-timetable,some,broxtowe-borough-council-local-plan-2014-plan-adopted,,timetable,,,2014-09-17,broxtowe-borough-council-local-plan-2014,plan-adopted,,,,
local-plan-timetable,,4230053,2024-12-06,,,,132,,local-plan-timetable,some,east-suffolk-council-local-plan-plan-adopted,,timetable,,,2019-03-20,east-suffolk-council-local-plan,plan-adopted,,,,
local-plan-timetable,,4230054,2024-12-06,,,,62,,local-plan-timetable,some,broxtowe-borough-council-local-plan-2018-plan-adopted,,timetable,,,2019-08-16,broxtowe-borough-council-local-plan-2018,plan-adopted,,,,
local-plan-timetable,,4230055,2024-12-06,,,,159,,local-plan-timetable,some,harlow-district-council-local-plan-2011-plan-adopted,,timetable,,,2020-12-10,harlow-district-council-local-plan-2011,plan-adopted,,,,
local-plan-timetable,,4230056,2024-12-06,,,,181,,local-plan-timetable,some,london-borough-of-islington-local-plan-2020-plan-adopted,,timetable,,,2023-09-28,london-borough-of-islington-local-plan-2020,plan-adopted,,,,
local-plan-timetable,,4230057,2024-12-06,,,,90,,local-plan-timetable,some,london-borough-of-camden-local-plan-2016-plan-adopted,,timetable,,,2017-07-03,london-borough-of-camden-local-plan-2016,plan-adopted,,,,
local-plan-timetable,,4230058,2024-12-06,,,,187,,local-plan-timetable,some,kirklees-council-local-plan-2013-plan-adopted,,timetable,,,2019-02-27,kirklees-council-local-plan-2013,plan-adopted,,,,
local-plan-timetable,,4230059,2024-12-06,,,,364,,local-plan-timetable,some,welwyn-hatfield-borough-council-local-plan-2016-plan-adopted,,timetable,,,2023-10-12,welwyn-hatfield-borough-council-local-plan-2016,plan-adopted,,,,
local-plan-timetable,,4230060,2024-12-06,,,,352,,local-plan-timetable,some,vale-of-white-horse-district-council-local-plan-2011-plan-adopted,,timetable,,,2016-12-01,vale-of-white-horse-district-council-local-plan-2011,plan-adopted,,,,
local-plan-timetable,,4230061,2024-12-06,,,,343,,local-plan-timetable,some,thurrock-council-local-plan-2015-plan-adopted,,timetable,,,2015-01-28,thurrock-council-local-plan-2015,plan-adopted,,,,
local-plan-timetable,,4230062,2024-12-06,,,,317,,local-plan-timetable,some,staffordshire-moorlands-district-council-local-plan-2014-plan-adopted,,timetable,,,2020-09-09,staffordshire-moorlands-district-council-local-plan-2014,plan-adopted,,,,
local-plan-timetable,,4230063,2024-12-06,,,,102,,local-plan-timetable,some,darlington-borough-council-local-plan-2016-plan-adopted,,timetable,,,2022-02-17,darlington-borough-council-local-plan-2016,plan-adopted,,,,
local-plan-timetable,,4230064,2024-12-06,,,,281,,local-plan-timetable,some,south-cambridgeshire-district-council-local-plan-2018-plan-adopted,,timetable,,,2018-09-27,south-cambridgeshire-district-council-local-plan-2018,plan-adopted,,,,
local-plan-timetable,,4230065,2024-12-06,,,,124,,local-plan-timetable,some,east-lindsey-district-council-local-plan-2016-plan-adopted,,timetable,,,2018-07-18,east-lindsey-district-council-local-plan-2016,plan-adopted,,,,
local-plan-timetable,,4230066,2024-12-06,,,,26,,local-plan-timetable,some,adur-district-council-local-plan-2011-plan-adopted,,timetable,,,2017-12-14,adur-district-council-local-plan-2011,plan-adopted,,,,
local-plan-timetable,,4230067,2024-12-06,,,,57,,local-plan-timetable,some,bracknell-forest-council-local-plan-2020-plan-adopted,,timetable,,,2024-03-19,bracknell-forest-council-local-plan-2020,plan-adopted,,,,
local-plan-timetable,,4230068,2024-12-06,,,,117,,local-plan-timetable,some,eastleigh-borough-council-local-plan-2016-plan-adopted,,timetable,,,2022-04-25,eastleigh-borough-council-local-plan-2016,plan-adopted,,,,
local-plan-timetable,,4230069,2024-12-06,,,,387,,local-plan-timetable,some,city-of-westminster-local-plan-2016-plan-adopted,,timetable,,,2013-11-13,city-of-westminster-local-plan-2016,plan-adopted,,,,
local-plan-timetable,,4230070,2024-12-06,,,,161,,local-plan-timetable,some,hart-district-council-local-plan-2014-plan-adopted,,timetable,,,2020-04-30,hart-district-council-local-plan-2014,plan-adopted,,,,
local-plan-timetable,,4230071,2024-12-06,,,,176,,local-plan-timetable,some,huntingdonshire-district-council-local-plan-2011-plan-adopted,,timetable,,,2019-05-15,huntingdonshire-district-council-local-plan-2011,plan-adopted,,,,
local-plan-timetable,,4230072,2024-12-06,,,,201,,local-plan-timetable,some,lincolnshire-county-council-local-plan-2023-plan-adopted,,timetable,,,2023-04-13,lincolnshire-county-council-local-plan-2023,plan-adopted,,,,
local-plan-timetable,,4230073,2024-12-06,,,,109,,local-plan-timetable,some,doncaster-metropolitan-borough-council-local-plan-2018-plan-adopted,,timetable,,,2021-09-23,doncaster-metropolitan-borough-council-local-plan-2018,plan-adopted,,,,
local-plan-timetable,,4230074,2024-12-06,,,,172,,local-plan-timetable,some,hartlepool-borough-council-local-plan-2016-plan-adopted,,timetable,,,2018-05-22,hartlepool-borough-council-local-plan-2016,plan-adopted,,,,
local-plan-timetable,,4230075,2024-12-06,,,,53,,local-plan-timetable,some,boston-borough-council-local-plan-2011-plan-adopted,,timetable,,,2019-03-08,boston-borough-council-local-plan-2011,plan-adopted,,,,
local-plan-timetable,,4230076,2024-12-06,,,,55,,local-plan-timetable,some,blackpool-borough-council-local-plan-2012-plan-adopted,,timetable,,,2016-01-20,blackpool-borough-council-local-plan-2012,plan-adopted,,,,
local-plan-timetable,,4230077,2024-12-06,,,,49,,local-plan-timetable,some,brighton-and-hove-city-council-local-plan-plan-adopted,,timetable,,,2016-03-24,brighton-and-hove-city-council-local-plan,plan-adopted,,,,
local-plan-timetable,,4230078,2024-12-06,,,,60,,local-plan-timetable,some,bromsgrove-district-council-local-plan-2011-plan-adopted,,timetable,,,2017-01-25,bromsgrove-district-council-local-plan-2011,plan-adopted,,,,
local-plan-timetable,,4230079,2024-12-06,,,,66,,local-plan-timetable,some,bristol-city-council-local-plan-2006-plan-adopted,,timetable,,,2011-06-21,bristol-city-council-local-plan-2006,plan-adopted,,,,
local-plan-timetable,,4230080,2024-12-06,,,,68,,local-plan-timetable,some,burnley-borough-council-local-plan-2012-plan-adopted,,timetable,,,2018-07-31,burnley-borough-council-local-plan-2012,plan-adopted,,,,
local-plan-timetable,,4230081,2024-12-06,,,,370,,local-plan-timetable,some,wakefield-metropolitan-district-council-local-plan-2017-plan-adopted,,timetable,,,2024-01-24,wakefield-metropolitan-district-council-local-plan-2017,plan-adopted,,,,
local-plan-timetable,,4230082,2024-12-06,,,,164,,local-plan-timetable,some,herefordshire-council-local-plan-2021-plan-adopted,,timetable,,,2015-10-16,herefordshire-council-local-plan-2021,plan-adopted,,,,
local-plan-timetable,,4230083,2024-12-06,,,,128,,local-plan-timetable,some,epping-forest-district-council-local-plan-2011-plan-adopted,,timetable,,,2023-03-06,epping-forest-district-council-local-plan-2011,plan-adopted,,,,
local-plan-timetable,,4230084,2024-12-06,,,,114,,local-plan-timetable,some,durham-county-council-local-plan-2035-plan-adopted,,timetable,,,2020-10-21,durham-county-council-local-plan-2035,plan-adopted,,,,
local-plan-timetable,,4230085,2025-03-20,,,,203,,local-plan-timetable,some,city-of-london-corporation-local-plan-2026-planning-inspectorate-examination-start,,timetable,,,2024-08-29,city-of-london-corporation-local-plan-2026,planning-inspectorate-examination-start,,,,
local-plan-timetable,,4230086,2024-12-06,,,,118,,local-plan-timetable,some,east-cambridgeshire-district-council-local-plan-2022-plan-adopted,,timetable,,,2023-10-19,east-cambridgeshire-district-council-local-plan-2022,plan-adopted,,,,
local-plan-timetable,,4230087,2024-12-06,,,,35,,local-plan-timetable,some,basildon-borough-council-local-plan-plan-adopted,,timetable,,,1998-01-01,basildon-borough-council-local-plan,plan-adopted,,,,
local-plan-timetable,,4230088,2024-12-06,,,,72,,local-plan-timetable,some,cannock-chase-district-council-local-plan-2006-plan-adopted,,timetable,,,2014-06-11,cannock-chase-district-council-local-plan-2006,plan-adopted,,,,
local-plan-timetable,,4230089,2024-11-11,,,,90,,local-plan-timetable,some,london-borough-of-camden-local-plan-2026-estimated-plan-adoption-date,,timetable,,,2026-01-01,london-borough-of-camden-local-plan-2026,estimated-plan-adoption-date,,,,
local-plan-timetable,,4230090,2024-11-11,,,,90,,local-plan-timetable,some,london-borough-of-camden-local-plan-2016-planning-inspectorate-examination-end,,timetable,,,2017-05-01,london-borough-of-camden-local-plan-2016,planning-inspectorate-examination-end,,,,
local-plan-timetable,,4230091,2024-11-11,,,,90,,local-plan-timetable,some,london-borough-of-camden-local-plan-2016-inspector-report-published,,timetable,,,2017-05-01,london-borough-of-camden-local-plan-2016,inspector-report-published,,,,
local-plan-timetable,,4230092,2024-11-11,,,,90,,local-plan-timetable,some,london-borough-of-camden-local-plan-2016-planning-inspectorate-examination-start,,timetable,,,2016-06-01,london-borough-of-camden-local-plan-2016,planning-inspectorate-examination-start,,,,
local-plan-timetable,,4230093,2024-11-11,,,,90,,local-plan-timetable,some,london-borough-of-camden-local-plan-2026-reg-18-public-consultation-start,,timetable,,,2020-01-01,london-borough-of-camden-local-plan-2026,reg-18-public-consultation-start,,,,
local-plan-timetable,,4230094,2024-11-11,,,,29,,local-plan-timetable,some,arun-district-council-local-plan-2011-submit-plan-for-examination,,timetable,,,2015-01-30,arun-district-council-local-plan-2011,submit-plan-for-examination,,,,
local-plan-timetable,,4230095,2024-11-11,,,,29,,local-plan-timetable,some,arun-district-council-local-plan-2011-planning-inspectorate-examination-start,,timetable,,,2015-06-02,arun-district-council-local-plan-2011,planning-inspectorate-examination-start,,,,
local-plan-timetable,,4230096,2024-11-11,,,,29,,local-plan-timetable,some,arun-district-council-local-plan-2011-planning-inspectorate-examination-end,,timetable,,,2017-09-28,arun-district-council-local-plan-2011,planning-inspectorate-examination-end,,,,
local-plan-timetable,,4230097,2024-11-11,,,,29,,local-plan-timetable,some,arun-district-council-local-plan-2011-inspector-report-published,,timetable,,,2018-07-01,arun-district-council-local-plan-2011,inspector-report-published,,,,
local-plan-timetable,,4230098,2024-11-11,,,,30,,local-plan-timetable,some,ashford-borough-council-local-plan-2019-submit-plan-for-examination,,timetable,,,2017-12-21,ashford-borough-council-local-plan-2019,submit-plan-for-examination,,,,
local-plan-timetable,,4230099,2024-11-11,,,,30,,local-plan-timetable,some,ashford-borough-council-local-plan-2019-planning-inspectorate-examination-start,,timetable,,,2018-04-11,ashford-borough-council-local-plan-2019,planning-inspectorate-examination-start,,,,
local-plan-timetable,,4230100,2024-11-11,,,,30,,local-plan-timetable,some,ashford-borough-council-local-plan-2019-planning-inspectorate-examination-end,,timetable,,,2018-06-13,ashford-borough-council-local-plan-2019,planning-inspectorate-examination-end,,,,
local-plan-timetable,,4230101,2024-12-06,,,,30,,local-plan-timetable,some,ashford-borough-council-local-plan-2019-plan-adopted,,timetable,,,2019-02-01,ashford-borough-council-local-plan-2019,plan-adopted,,,,
local-plan-timetable,,4230102,2024-11-11,,,,30,,local-plan-timetable,some,ashford-borough-council-local-plan-2019-inspector-report-published,,timetable,,,2019-01-02,ashford-borough-council-local-plan-2019,inspector-report-published,,,,
local-plan-timetable,,4230103,2024-11-11,,,,30,,local-plan-timetable,some,ashford-borough-council-local-plan-2024-estimated-reg-18-draft-local-plan-published,,timetable,,,2025-04-01,ashford-borough-council-local-plan-2024,estimated-reg-18-draft-local-plan-published,,,,
local-plan-timetable,,4230104,2024-11-11,,,,30,,local-plan-timetable,some,ashford-borough-council-local-plan-2024-estimated-reg-19-publication-local-plan-published,,timetable,,,2026-02-01,ashford-borough-council-local-plan-2024,estimated-reg-19-publication-local-plan-published,,,,
local-plan-timetable,,4230105,2024-11-11,,,,30,,local-plan-timetable,some,ashford-borough-council-local-plan-2024-estimated-submit-plan-for-examination,,timetable,,,2026-09-01,ashford-borough-council-local-plan-2024,estimated-submit-plan-for-examination,,,,
local-plan-timetable,,4230106,2024-11-11,,,,30,,local-plan-timetable,some,ashford-borough-council-local-plan-2024-estimated-plan-adoption-date,,timetable,,,2027-05-01,ashford-borough-council-local-plan-2024,estimated-plan-adoption-date,,,,
local-plan-timetable,,4230107,2024-11-11,,,,90,,local-plan-timetable,some,london-borough-of-camden-local-plan-2016-submit-plan-for-examination,,timetable,,,2016-06-24,london-borough-of-camden-local-plan-2016,submit-plan-for-examination,,,,
local-plan-timetable,,4230108,2024-11-11,,,,90,,local-plan-timetable,some,london-borough-of-camden-local-plan-2016-planning-inspectorate-found-sound,,timetable,,,2017-05-10,london-borough-of-camden-local-plan-2016,planning-inspectorate-found-sound,,,,
local-plan-timetable,,4230109,2024-11-11,,,,90,,local-plan-timetable,some,london-borough-of-camden-local-plan-2026-timetable-published,,timetable,,,2023-12-01,london-borough-of-camden-local-plan-2026,timetable-published,,,,
local-plan-timetable,,4230110,2024-11-11,,,,90,,local-plan-timetable,some,london-borough-of-camden-local-plan-2026-estimated-reg-19-public-consultation-start,,timetable,,,2024-01-01,london-borough-of-camden-local-plan-2026,estimated-reg-19-public-consultation-start,,,,
local-plan-timetable,,4230111,2024-11-11,,,,90,,local-plan-timetable,some,london-borough-of-camden-local-plan-2026-estimated-reg-19-public-consultation-end,,timetable,,,2025-01-01,london-borough-of-camden-local-plan-2026,estimated-reg-19-public-consultation-end,,,,
local-plan-timetable,,4230112,2024-11-11,,,,90,,local-plan-timetable,some,london-borough-of-camden-local-plan-2026-estimated-submit-plan-for-examination,,timetable,,,2025-01-01,london-borough-of-camden-local-plan-2026,estimated-submit-plan-for-examination,,,,
local-plan-timetable,,4230113,2024-11-11,,,,90,,local-plan-timetable,some,london-borough-of-camden-local-plan-2026-reg-18-public-consultation-end,,timetable,,,2021-01-01,london-borough-of-camden-local-plan-2026,reg-18-public-consultation-end,,,,
local-plan-timetable,,4230114,2024-11-11,,,,115,,local-plan-timetable,some,london-borough-of-ealing-local-plan-2024-estimated-submit-plan-for-examination,,timetable,,,2024-05-01,london-borough-of-ealing-local-plan-2024,estimated-submit-plan-for-examination,,,,
local-plan-timetable,,4230115,2024-11-11,,,,115,,local-plan-timetable,some,london-borough-of-ealing-local-plan-2024-estimated-plan-adoption-date,,timetable,,,2024-12-01,london-borough-of-ealing-local-plan-2024,estimated-plan-adoption-date,,,,
local-plan-timetable,,4230116,2024-11-11,,,,115,,local-plan-timetable,some,london-borough-of-ealing-local-plan-2024-reg-18-draft-local-plan-published,,timetable,,,2022-11-30,london-borough-of-ealing-local-plan-2024,reg-18-draft-local-plan-published,,,,
local-plan-timetable,,4230117,2024-11-11,,,,115,,local-plan-timetable,some,london-borough-of-ealing-local-plan-2024-reg-18-public-consultation-start,,timetable,,,2022-11-30,london-borough-of-ealing-local-plan-2024,reg-18-public-consultation-start,,,,
local-plan-timetable,,4230118,2024-11-11,,,,115,,local-plan-timetable,some,london-borough-of-ealing-local-plan-2024-reg-18-public-consultation-end,,timetable,,,2023-02-08,london-borough-of-ealing-local-plan-2024,reg-18-public-consultation-end,,,,
local-plan-timetable,,4230120,2024-11-11,,,,115,,local-plan-timetable,some,london-borough-of-ealing-local-plan-2024-reg-19-public-consultation-start,,timetable,,,2024-02-28,london-borough-of-ealing-local-plan-2024,reg-19-public-consultation-start,,,,
local-plan-timetable,,4230121,2024-11-11,,,,115,,local-plan-timetable,some,london-borough-of-ealing-local-plan-2024-reg-19-public-consultation-end,,timetable,,,2024-04-10,london-borough-of-ealing-local-plan-2024,reg-19-public-consultation-end,,,,
local-plan-timetable,,4230122,2024-11-11,,,,124,,local-plan-timetable,some,east-lindsey-district-council-local-plan-2016-submit-plan-for-examination,,timetable,,,2017-04-19,east-lindsey-district-council-local-plan-2016,submit-plan-for-examination,,,,
local-plan-timetable,,4230123,2024-11-11,,,,181,,local-plan-timetable,some,london-borough-of-islington-local-plan-2020-reg-18-public-consultation-start,,timetable,,,2018-11-20,london-borough-of-islington-local-plan-2020,reg-18-public-consultation-start,,,,
local-plan-timetable,,4230124,2024-11-11,,,,181,,local-plan-timetable,some,london-borough-of-islington-local-plan-2020-reg-19-public-consultation-start,,timetable,,,2019-09-05,london-borough-of-islington-local-plan-2020,reg-19-public-consultation-start,,,,
local-plan-timetable,,4230125,2024-11-11,,,,181,,local-plan-timetable,some,london-borough-of-islington-local-plan-2020-reg-19-public-consultation-end,,timetable,,,2019-10-18,london-borough-of-islington-local-plan-2020,reg-19-public-consultation-end,,,,
local-plan-timetable,,4230126,2024-11-11,,,,181,,local-plan-timetable,some,london-borough-of-islington-local-plan-2020-submit-plan-for-examination,,timetable,,,2020-02-01,london-borough-of-islington-local-plan-2020,submit-plan-for-examination,,,,
local-plan-timetable,,4230127,2024-11-11,,,,181,,local-plan-timetable,some,london-borough-of-islington-local-plan-2020-planning-inspectorate-examination-start,,timetable,,,2021-09-01,london-borough-of-islington-local-plan-2020,planning-inspectorate-examination-start,,,,
local-plan-timetable,,4230128,2024-11-11,,,,181,,local-plan-timetable,some,london-borough-of-islington-local-plan-2020-planning-inspectorate-examination-end,,timetable,,,2021-10-01,london-borough-of-islington-local-plan-2020,planning-inspectorate-examination-end,,,,
local-plan-timetable,,4230129,2024-11-11,,,,198,,local-plan-timetable,some,london-borough-of-lewisham-local-plan-2023-reg-18-draft-local-plan-published,,timetable,,,2021-01-15,london-borough-of-lewisham-local-plan-2023,reg-18-draft-local-plan-published,,,,
local-plan-timetable,,4230130,2024-11-11,,,,198,,local-plan-timetable,some,london-borough-of-lewisham-local-plan-2023-reg-18-public-consultation-start,,timetable,,,2021-01-15,london-borough-of-lewisham-local-plan-2023,reg-18-public-consultation-start,,,,
local-plan-timetable,,4230131,2024-11-11,,,,198,,local-plan-timetable,some,london-borough-of-lewisham-local-plan-2023-reg-18-public-consultation-end,,timetable,,,2021-04-11,london-borough-of-lewisham-local-plan-2023,reg-18-public-consultation-end,,,,
local-plan-timetable,,4230132,2024-11-11,,,,198,,local-plan-timetable,some,london-borough-of-lewisham-local-plan-2023-reg-19-public-consultation-start,,timetable,,,2023-03-01,london-borough-of-lewisham-local-plan-2023,reg-19-public-consultation-start,,,,
local-plan-timetable,,4230133,2024-11-11,,,,198,,local-plan-timetable,some,london-borough-of-lewisham-local-plan-2023-reg-19-public-consultation-end,,timetable,,,2023-04-25,london-borough-of-lewisham-local-plan-2023,reg-19-public-consultation-end,,,,
local-plan-timetable,,4230134,2024-11-11,,,,198,,local-plan-timetable,some,london-borough-of-lewisham-local-plan-2023-submit-plan-for-examination,,timetable,,,2023-11-03,london-borough-of-lewisham-local-plan-2023,submit-plan-for-examination,,,,
local-plan-timetable,,4230135,2024-11-11,,,,333,,local-plan-timetable,some,tandridge-district-council-local-plan-estimated-reg-18-draft-local-plan-published,,timetable,,,2023-11-03,tandridge-district-council-local-plan,estimated-reg-18-draft-local-plan-published,,,,
local-plan-timetable,,4230136,2024-11-11,,,,333,,local-plan-timetable,some,tandridge-district-council-local-plan-estimated-reg-19-publication-local-plan-published,,timetable,,,2023-11-03,tandridge-district-council-local-plan,estimated-reg-19-publication-local-plan-published,,,,
local-plan-timetable,,4230137,2024-11-11,,,,333,,local-plan-timetable,some,tandridge-district-council-local-plan-estimated-submit-plan-for-examination,,timetable,,,2023-11-03,tandridge-district-council-local-plan,estimated-submit-plan-for-examination,,,,
local-plan-timetable,,4230138,2024-11-11,,,,343,,local-plan-timetable,some,thurrock-council-local-plan-2025-timetable-published,,timetable,,,2023-09-01,thurrock-council-local-plan-2025,timetable-published,,,,
local-plan-timetable,,4230139,2024-11-11,,,,343,,local-plan-timetable,some,thurrock-council-local-plan-2025-estimated-reg-18-draft-local-plan-published,,timetable,,,2023-12-01,thurrock-council-local-plan-2025,estimated-reg-18-draft-local-plan-published,,,,
local-plan-timetable,,4230140,2024-11-11,,,,343,,local-plan-timetable,some,thurrock-council-local-plan-2025-estimated-reg-18-public-consultation-end,,timetable,,,2023-12-01,thurrock-council-local-plan-2025,estimated-reg-18-public-consultation-end,,,,
local-plan-timetable,,4230141,2024-11-11,,,,343,,local-plan-timetable,some,thurrock-council-local-plan-2025-estimated-reg-18-public-consultation-start,,timetable,,,2023-12-01,thurrock-council-local-plan-2025,estimated-reg-18-public-consultation-start,,,,
local-plan-timetable,,4230142,2024-11-11,,,,343,,local-plan-timetable,some,thurrock-council-local-plan-2025-estimated-reg-19-public-consultation-start,,timetable,,,2024-09-01,thurrock-council-local-plan-2025,estimated-reg-19-public-consultation-start,,,,
local-plan-timetable,,4230143,2024-11-11,,,,343,,local-plan-timetable,some,thurrock-council-local-plan-2025-estimated-reg-19-public-consultation-end,,timetable,,,2024-09-01,thurrock-council-local-plan-2025,estimated-reg-19-public-consultation-end,,,,
local-plan-timetable,,4230144,2024-11-11,,,,343,,local-plan-timetable,some,thurrock-council-local-plan-2025-estimated-reg-19-publication-local-plan-published,,timetable,,,2024-09-01,thurrock-council-local-plan-2025,estimated-reg-19-publication-local-plan-published,,,,
local-plan-timetable,,4230145,2024-11-11,,,,343,,local-plan-timetable,some,thurrock-council-local-plan-2025-estimated-submit-plan-for-examination,,timetable,,,2025-03-01,thurrock-council-local-plan-2025,estimated-submit-plan-for-examination,,,,
local-plan-timetable,,4230146,2024-11-11,,,,343,,local-plan-timetable,some,thurrock-council-local-plan-2025-estimated-plan-adoption-date,,timetable,,,2026-07-01,thurrock-council-local-plan-2025,estimated-plan-adoption-date,,,,
local-plan-timetable,,4230147,2024-11-25,,,,36,,local-plan-timetable,some,basingstoke-and-deane-borough-council-local-plan-2011-inspector-report-published,,timetable,,,2016-04-06,basingstoke-and-deane-borough-council-local-plan-2011,inspector-report-published,,,,
local-plan-timetable,,4230148,2024-11-25,,,,75,,local-plan-timetable,some,canterbury-city-council-local-plan-2020-reg-18-public-consultation-start,,timetable,,,2024-03-01,canterbury-city-council-local-plan-2020,reg-18-public-consultation-start,Draft Canterbury Local Plan Consultation,,,
local-plan-timetable,,4230149,2024-11-25,,,,75,,local-plan-timetable,some,canterbury-city-council-local-plan-2020-reg-18-public-consultation-end,,timetable,,,2024-06-03,canterbury-city-council-local-plan-2020,reg-18-public-consultation-end,Draft Canterbury Local Plan Consultation,,,
local-plan-timetable,,4230150,2024-11-25,,,,31,,local-plan-timetable,some,ashfield-district-council-local-plan-2023-estimated-reg-19-public-consultation-start,,timetable,,,2023-12-04,ashfield-district-council-local-plan-2023,estimated-reg-19-public-consultation-start,,,,
local-plan-timetable,,4230151,2024-11-25,,,,31,,local-plan-timetable,some,ashfield-district-council-local-plan-2023-estimated-reg-19-public-consultation-end,,timetable,,,2024-01-29,ashfield-district-council-local-plan-2023,estimated-reg-19-public-consultation-end,,,,
local-plan-timetable,,4230152,2024-11-25,,,,31,,local-plan-timetable,some,ashfield-district-council-local-plan-2023-estimated-reg-19-publication-local-plan-published,,timetable,,,2023-11-01,ashfield-district-council-local-plan-2023,estimated-reg-19-publication-local-plan-published,,,,
local-plan-timetable,,4230153,2024-11-25,,,,158,,local-plan-timetable,some,harborough-district-council-local-plan-2020-estimated-reg-18-public-consultation-end,,timetable,,,2025-03-01,harborough-district-council-local-plan-2020,estimated-reg-18-public-consultation-end,,,,
local-plan-timetable,,4230154,2024-11-25,,,,158,,local-plan-timetable,some,harborough-district-council-local-plan-2020-estimated-reg-18-public-consultation-start,,timetable,,,2025-01-01,harborough-district-council-local-plan-2020,estimated-reg-18-public-consultation-start,,,,
local-plan-timetable,,4230155,2024-11-25,,,,161,,local-plan-timetable,some,hart-district-council-local-plan-2014-inspector-report-published,,timetable,,,2020-02-10,hart-district-council-local-plan-2014,inspector-report-published,,,,
local-plan-timetable,,4230156,2024-11-25,,,,40,,local-plan-timetable,some,bedford-borough-council-local-plan-2020-reg-19-publication-local-plan-published,,timetable,,,2022-06-15,bedford-borough-council-local-plan-2020,reg-19-publication-local-plan-published,,,,
local-plan-timetable,,4230157,2024-11-25,,,,40,,local-plan-timetable,some,bedford-borough-council-local-plan-2020-reg-19-public-consultation-start,,timetable,,,2022-06-15,bedford-borough-council-local-plan-2020,reg-19-public-consultation-start,,,,
local-plan-timetable,,4230158,2024-11-25,,,,40,,local-plan-timetable,some,bedford-borough-council-local-plan-2020-reg-19-public-consultation-end,,timetable,,,2022-07-29,bedford-borough-council-local-plan-2020,reg-19-public-consultation-end,,,,
local-plan-timetable,,4230159,2024-11-25,,,,28,,local-plan-timetable,some,amber-valley-borough-council-local-plan-2022-submit-plan-for-examination,,timetable,,,2024-07-29,amber-valley-borough-council-local-plan-2022,submit-plan-for-examination,,,,
local-plan-timetable,,4230160,2024-11-25,,,,137,,local-plan-timetable,some,fareham-borough-council-local-plan-2021-reg-19-public-consultation-start,,timetable,,,2020-11-06,fareham-borough-council-local-plan-2021,reg-19-public-consultation-start,,,,
local-plan-timetable,,4230161,2024-11-25,,,,137,,local-plan-timetable,some,fareham-borough-council-local-plan-2021-reg-19-public-consultation-end,,timetable,,,2020-12-18,fareham-borough-council-local-plan-2021,reg-19-public-consultation-end,,,,
local-plan-timetable,,4230162,2024-11-25,,,,137,,local-plan-timetable,some,fareham-borough-council-local-plan-2021-submit-plan-for-examination,,timetable,,,2021-09-30,fareham-borough-council-local-plan-2021,submit-plan-for-examination,,,,
local-plan-timetable,,4230163,2024-11-25,,,,137,,local-plan-timetable,some,fareham-borough-council-local-plan-2021-planning-inspectorate-examination-start,,timetable,,,2021-09-30,fareham-borough-council-local-plan-2021,planning-inspectorate-examination-start,,,,
local-plan-timetable,,4230164,2024-11-25,,,,70,,local-plan-timetable,some,cambridge-city-council-local-plan-2020-estimated-reg-19-publication-local-plan-published,,timetable,,,2026-01-01,cambridge-city-council-local-plan-2020,estimated-reg-19-publication-local-plan-published,Summer/Autumn 2026,,,
local-plan-timetable,,4230165,2024-11-25,,,,70,,local-plan-timetable,some,cambridge-city-council-local-plan-2020-estimated-reg-18-draft-local-plan-published,,timetable,,,2025-01-01,cambridge-city-council-local-plan-2020,estimated-reg-18-draft-local-plan-published,Autumn/Winter 2025,,,
local-plan-timetable,,4230166,2024-11-25,,,,70,,local-plan-timetable,some,cambridge-city-council-local-plan-2020-estimated-submit-plan-for-examination,,timetable,,,2026-12-01,cambridge-city-council-local-plan-2020,estimated-submit-plan-for-examination,,,,
local-plan-timetable,,4230167,2024-11-25,,,,137,,local-plan-timetable,some,fareham-borough-council-local-plan-2021-reg-18-public-consultation-start,,timetable,,,2019-01-01,fareham-borough-council-local-plan-2021,reg-18-public-consultation-start,6 weeks summer 2019 - Issues and Options,,,
local-plan-timetable,,4230168,2024-11-25,,,,137,,local-plan-timetable,some,fareham-borough-council-local-plan-2021-reg-18-public-consultation-end,,timetable,,,2019-01-01,fareham-borough-council-local-plan-2021,reg-18-public-consultation-end,6 weeks summer 2019 - Issues and Options,,,
local-plan-timetable,,4230169,2024-11-25,,,,138,,local-plan-timetable,some,fenland-district-council-local-plan-2021-reg-18-draft-local-plan-published,,timetable,,,2019-10-01,fenland-district-council-local-plan-2021,reg-18-draft-local-plan-published,Issues and Option Consultation,,,
local-plan-timetable,,4230170,2024-11-25,,,,138,,local-plan-timetable,some,fenland-district-council-local-plan-2021-reg-18-public-consultation-start,,timetable,,,2020-06-01,fenland-district-council-local-plan-2021,reg-18-public-consultation-start,Draft Local Plan Consultation,,,
local-plan-timetable,,4230171,2024-11-25,,,,138,,local-plan-timetable,some,fenland-district-council-local-plan-2021-reg-18-public-consultation-end,,timetable,,,2020-07-01,fenland-district-council-local-plan-2021,reg-18-public-consultation-end,Draft Local Plan Consultation,,,
local-plan-timetable,,4230172,2024-11-25,,,,138,,local-plan-timetable,some,fenland-district-council-local-plan-2021-submit-plan-for-examination,,timetable,,,2023-04-01,fenland-district-council-local-plan-2021,submit-plan-for-examination,,,,
local-plan-timetable,,4230173,2024-11-25,,,,138,,local-plan-timetable,some,fenland-district-council-local-plan-2021-reg-19-public-consultation-start,,timetable,,,2023-01-01,fenland-district-council-local-plan-2021,reg-19-public-consultation-start,2 Pre-submission Publication,,,
local-plan-timetable,,4230174,2024-11-25,,,,138,,local-plan-timetable,some,fenland-district-council-local-plan-2021-reg-19-public-consultation-end,,timetable,,,2023-01-01,fenland-district-council-local-plan-2021,reg-19-public-consultation-end,2 Pre-submission Publication,,,
local-plan-timetable,,4230175,2024-11-25,,,,50,,local-plan-timetable,some,barnsley-metropolitan-borough-council-local-plan-2014-reg-19-publication-local-plan-published,,timetable,,,2016-08-01,barnsley-metropolitan-borough-council-local-plan-2014,reg-19-publication-local-plan-published,,,,
local-plan-timetable,,4230176,2024-11-25,,,,50,,local-plan-timetable,some,barnsley-metropolitan-borough-council-local-plan-2014-reg-19-public-consultation-start,,timetable,,,2016-08-01,barnsley-metropolitan-borough-council-local-plan-2014,reg-19-public-consultation-start,,,,
local-plan-timetable,,4230177,2024-11-25,,,,50,,local-plan-timetable,some,barnsley-metropolitan-borough-council-local-plan-2014-submit-plan-for-examination,,timetable,,,2016-12-20,barnsley-metropolitan-borough-council-local-plan-2014,submit-plan-for-examination,,,,
local-plan-timetable,,4230178,2024-11-25,,,,50,,local-plan-timetable,some,barnsley-metropolitan-borough-council-local-plan-2014-inspector-report-published,,timetable,,,2018-12-14,barnsley-metropolitan-borough-council-local-plan-2014,inspector-report-published,,,,
local-plan-timetable,,4230179,2024-11-25,,,,118,,local-plan-timetable,some,east-cambridgeshire-district-council-local-plan-2022-estimated-submit-plan-for-examination,,timetable,,,2013-08-29,east-cambridgeshire-district-council-local-plan-2022,estimated-submit-plan-for-examination,,,,
local-plan-timetable,,4230180,2024-11-25,,,,118,,local-plan-timetable,some,east-cambridgeshire-district-council-local-plan-2022-estimated-plan-adoption-date,,timetable,,,2023-10-19,east-cambridgeshire-district-council-local-plan-2022,estimated-plan-adoption-date,,,,
local-plan-timetable,,4230181,2024-11-25,,,,118,,local-plan-timetable,some,east-cambridgeshire-district-council-local-plan-2022-inspector-report-published,,timetable,,,2023-10-05,east-cambridgeshire-district-council-local-plan-2022,inspector-report-published,,,,
local-plan-timetable,,4230182,2024-11-25,,,,72,,local-plan-timetable,some,cannock-chase-district-council-local-plan-2018-estimated-reg-18-draft-local-plan-published,,timetable,,,2019-05-01,cannock-chase-district-council-local-plan-2018,estimated-reg-18-draft-local-plan-published,,,,
local-plan-timetable,,4230183,2024-11-25,,,,72,,local-plan-timetable,some,cannock-chase-district-council-local-plan-2018-estimated-reg-18-public-consultation-end,,timetable,,,2019-07-01,cannock-chase-district-council-local-plan-2018,estimated-reg-18-public-consultation-end,,,,
local-plan-timetable,,4230184,2024-11-25,,,,72,,local-plan-timetable,some,cannock-chase-district-council-local-plan-2018-estimated-reg-18-public-consultation-start,,timetable,,,2019-05-01,cannock-chase-district-council-local-plan-2018,estimated-reg-18-public-consultation-start,,,,
local-plan-timetable,,4230185,2024-11-25,,,,72,,local-plan-timetable,some,cannock-chase-district-council-local-plan-2018-estimated-reg-19-publication-local-plan-published,,timetable,,,2023-01-01,cannock-chase-district-council-local-plan-2018,estimated-reg-19-publication-local-plan-published,Winter 2023/24,,,
local-plan-timetable,,4230186,2024-11-25,,,,72,,local-plan-timetable,some,cannock-chase-district-council-local-plan-2018-estimated-submit-plan-for-examination,,timetable,,,2024-01-01,cannock-chase-district-council-local-plan-2018,estimated-submit-plan-for-examination,,,,
local-plan-timetable,,4230187,2024-11-25,,,,72,,local-plan-timetable,some,cannock-chase-district-council-local-plan-2018-estimated-plan-adoption-date,,timetable,,,2025-01-01,cannock-chase-district-council-local-plan-2018,estimated-plan-adoption-date,,,,
local-plan-timetable,,4230188,2024-11-25,,,,72,,local-plan-timetable,some,cannock-chase-district-council-local-plan-2018-reg-19-publication-local-plan-published,,timetable,,,2023-12-01,cannock-chase-district-council-local-plan-2018,reg-19-publication-local-plan-published,,,,
local-plan-timetable,,4230189,2024-11-25,,,,72,,local-plan-timetable,some,cannock-chase-district-council-local-plan-2018-reg-19-public-consultation-start,,timetable,,,2024-02-05,cannock-chase-district-council-local-plan-2018,reg-19-public-consultation-start,,,,
local-plan-timetable,,4230190,2024-11-25,,,,72,,local-plan-timetable,some,cannock-chase-district-council-local-plan-2018-reg-19-public-consultation-end,,timetable,,,2024-03-18,cannock-chase-district-council-local-plan-2018,reg-19-public-consultation-end,,,,
local-plan-timetable,,4230191,2024-11-25,,,,72,,local-plan-timetable,some,cannock-chase-district-council-local-plan-2018-reg-18-draft-local-plan-published,,timetable,,,2019-05-01,cannock-chase-district-council-local-plan-2018,reg-18-draft-local-plan-published,Issues and Options Consultation,,,
local-plan-timetable,,4230192,2024-11-25,,,,72,,local-plan-timetable,some,cannock-chase-district-council-local-plan-2018-reg-18-public-consultation-start,,timetable,,,2019-05-13,cannock-chase-district-council-local-plan-2018,reg-18-public-consultation-start,Issues and Options Consultation,,,
local-plan-timetable,,4230193,2024-11-25,,,,72,,local-plan-timetable,some,cannock-chase-district-council-local-plan-2018-reg-18-public-consultation-end,,timetable,,,2019-07-09,cannock-chase-district-council-local-plan-2018,reg-18-public-consultation-end,Issues and Options Consultation,,,
local-plan-timetable,,4230194,2024-11-25,,,,35,,local-plan-timetable,some,basildon-borough-council-local-plan-reg-18-public-consultation-start,,timetable,,,2023-06-27,basildon-borough-council-local-plan,reg-18-public-consultation-start,,,,
local-plan-timetable,,4230195,2024-11-25,,,,35,,local-plan-timetable,some,basildon-borough-council-local-plan-reg-18-public-consultation-end,,timetable,,,2023-09-05,basildon-borough-council-local-plan,reg-18-public-consultation-end,,,,
local-plan-timetable,,4230196,2024-11-25,,,,35,,local-plan-timetable,some,basildon-borough-council-local-plan-estimated-reg-18-public-consultation-start,,timetable,,,2024-12-01,basildon-borough-council-local-plan,estimated-reg-18-public-consultation-start,,,,
local-plan-timetable,,4230197,2024-11-25,,,,35,,local-plan-timetable,some,basildon-borough-council-local-plan-estimated-reg-19-public-consultation-start,,timetable,,,2025-03-01,basildon-borough-council-local-plan,estimated-reg-19-public-consultation-start,,,,
local-plan-timetable,,4230198,2024-11-25,,,,35,,local-plan-timetable,some,basildon-borough-council-local-plan-estimated-submit-plan-for-examination,,timetable,,,2025-06-01,basildon-borough-council-local-plan,estimated-submit-plan-for-examination,,,,
local-plan-timetable,,4230199,2024-11-25,,,,35,,local-plan-timetable,some,basildon-borough-council-local-plan-estimated-plan-adoption-date,,timetable,,,2026-06-01,basildon-borough-council-local-plan,estimated-plan-adoption-date,,,,
local-plan-timetable,,4230200,2024-11-25,,,,75,,local-plan-timetable,some,canterbury-city-council-local-plan-2020-estimated-submit-plan-for-examination,,timetable,,,2026-02-01,canterbury-city-council-local-plan-2020,estimated-submit-plan-for-examination,,,,
local-plan-timetable,,4230201,2024-11-25,,,,75,,local-plan-timetable,some,canterbury-city-council-local-plan-2020-estimated-plan-adoption-date,,timetable,,,2027-03-01,canterbury-city-council-local-plan-2020,estimated-plan-adoption-date,,,,
local-plan-timetable,,4230202,2024-11-25,,,,36,,local-plan-timetable,some,basingstoke-and-deane-borough-council-local-plan-2011-planning-inspectorate-examination-end,,timetable,,,2016-04-06,basingstoke-and-deane-borough-council-local-plan-2011,planning-inspectorate-examination-end,,,,
local-plan-timetable,,4230203,2024-11-25,,,,36,,local-plan-timetable,some,basingstoke-and-deane-borough-council-local-plan-2021-reg-18-draft-local-plan-published,,timetable,,,2020-09-28,basingstoke-and-deane-borough-council-local-plan-2021,reg-18-draft-local-plan-published,Issues and Options,,,
local-plan-timetable,,4230204,2024-11-25,,,,36,,local-plan-timetable,some,basingstoke-and-deane-borough-council-local-plan-2021-reg-18-public-consultation-start,,timetable,,,2024-01-22,basingstoke-and-deane-borough-council-local-plan-2021,reg-18-public-consultation-start,Issues and Options,,,
local-plan-timetable,,4230205,2024-11-25,,,,36,,local-plan-timetable,some,basingstoke-and-deane-borough-council-local-plan-2021-reg-18-public-consultation-end,,timetable,,,2024-03-04,basingstoke-and-deane-borough-council-local-plan-2021,reg-18-public-consultation-end,Issues and Options,,,
local-plan-timetable,,4230206,2024-11-25,,,,75,,local-plan-timetable,some,canterbury-city-council-local-plan-2020-reg-18-draft-local-plan-published,,timetable,,,2024-03-01,canterbury-city-council-local-plan-2020,reg-18-draft-local-plan-published,Draft Canterbury Local Plan Consultation,,,
local-plan-timetable,,4230207,2024-11-25,,,,36,,local-plan-timetable,some,basingstoke-and-deane-borough-council-local-plan-2021-estimated-reg-19-publication-local-plan-published,,timetable,,,2024-01-01,basingstoke-and-deane-borough-council-local-plan-2021,estimated-reg-19-publication-local-plan-published,Winter 2024/2025,,,
local-plan-timetable,,4230208,2024-11-25,,,,119,,local-plan-timetable,some,east-devon-district-council-local-plan-2020-estimated-submit-plan-for-examination,,timetable,,,2025-01-01,east-devon-district-council-local-plan-2020,estimated-submit-plan-for-examination,,,,
local-plan-timetable,,4230209,2024-11-25,,,,119,,local-plan-timetable,some,east-devon-district-council-local-plan-2020-estimated-plan-adoption-date,,timetable,,,2026-01-01,east-devon-district-council-local-plan-2020,estimated-plan-adoption-date,,,,
local-plan-timetable,,4230210,2024-11-25,,,,36,,local-plan-timetable,some,basingstoke-and-deane-borough-council-local-plan-2021-estimated-submit-plan-for-examination,,timetable,,,2025-03-01,basingstoke-and-deane-borough-council-local-plan-2021,estimated-submit-plan-for-examination,,,,
local-plan-timetable,,4230211,2024-11-25,,,,36,,local-plan-timetable,some,basingstoke-and-deane-borough-council-local-plan-2021-estimated-plan-adoption-date,,timetable,,,2025-12-01,basingstoke-and-deane-borough-council-local-plan-2021,estimated-plan-adoption-date,,,,
local-plan-timetable,,4230212,2024-11-25,,,,31,,local-plan-timetable,some,ashfield-district-council-local-plan-2023-estimated-reg-18-draft-local-plan-published,,timetable,,,2021-10-01,ashfield-district-council-local-plan-2023,estimated-reg-18-draft-local-plan-published,,,,
local-plan-timetable,,4230213,2024-11-25,,,,31,,local-plan-timetable,some,ashfield-district-council-local-plan-2023-estimated-reg-18-public-consultation-end,,timetable,,,2021-11-16,ashfield-district-council-local-plan-2023,estimated-reg-18-public-consultation-end,,,,
local-plan-timetable,,4230214,2024-11-25,,,,31,,local-plan-timetable,some,ashfield-district-council-local-plan-2023-estimated-reg-18-public-consultation-start,,timetable,,,2021-10-04,ashfield-district-council-local-plan-2023,estimated-reg-18-public-consultation-start,,,,
local-plan-timetable,,4230215,2024-11-25,,,,122,,local-plan-timetable,some,east-hampshire-district-council-local-plan-2021-estimated-reg-18-public-consultation-end,,timetable,,,2024-06-01,east-hampshire-district-council-local-plan-2021,estimated-reg-18-public-consultation-end,,,,
local-plan-timetable,,4230216,2024-11-25,,,,122,,local-plan-timetable,some,east-hampshire-district-council-local-plan-2021-estimated-reg-18-public-consultation-start,,timetable,,,2024-01-01,east-hampshire-district-council-local-plan-2021,estimated-reg-18-public-consultation-start,,,,
local-plan-timetable,,4230217,2024-11-25,,,,122,,local-plan-timetable,some,east-hampshire-district-council-local-plan-2021-estimated-reg-19-public-consultation-start,,timetable,,,2024-07-01,east-hampshire-district-council-local-plan-2021,estimated-reg-19-public-consultation-start,,,,
local-plan-timetable,,4230218,2024-11-25,,,,122,,local-plan-timetable,some,east-hampshire-district-council-local-plan-2021-estimated-reg-19-public-consultation-end,,timetable,,,2024-11-01,east-hampshire-district-council-local-plan-2021,estimated-reg-19-public-consultation-end,,,,
local-plan-timetable,,4230219,2024-11-25,,,,122,,local-plan-timetable,some,east-hampshire-district-council-local-plan-2021-estimated-submit-plan-for-examination,,timetable,,,2025-12-01,east-hampshire-district-council-local-plan-2021,estimated-submit-plan-for-examination,,,,
local-plan-timetable,,4230220,2024-11-25,,,,122,,local-plan-timetable,some,east-hampshire-district-council-local-plan-2021-estimated-plan-adoption-date,,timetable,,,2026-09-01,east-hampshire-district-council-local-plan-2021,estimated-plan-adoption-date,,,,
local-plan-timetable,,4230221,2024-11-25,,,,31,,local-plan-timetable,some,ashfield-district-council-local-plan-2023-estimated-submit-plan-for-examination,,timetable,,,2024-05-01,ashfield-district-council-local-plan-2023,estimated-submit-plan-for-examination,,,,
local-plan-timetable,,4230222,2024-11-25,,,,31,,local-plan-timetable,some,ashfield-district-council-local-plan-2023-estimated-plan-adoption-date,,timetable,,,2025-04-01,ashfield-district-council-local-plan-2023,estimated-plan-adoption-date,,,,
local-plan-timetable,,4230223,2024-11-25,,,,31,,local-plan-timetable,some,ashfield-district-council-local-plan-2023-reg-18-draft-local-plan-published,,timetable,,,2021-10-01,ashfield-district-council-local-plan-2023,reg-18-draft-local-plan-published,,,,
local-plan-timetable,,4230224,2024-11-25,,,,31,,local-plan-timetable,some,ashfield-district-council-local-plan-2023-reg-18-public-consultation-start,,timetable,,,2021-10-04,ashfield-district-council-local-plan-2023,reg-18-public-consultation-start,,,,
local-plan-timetable,,4230225,2024-11-25,,,,31,,local-plan-timetable,some,ashfield-district-council-local-plan-2023-reg-18-public-consultation-end,,timetable,,,2021-11-16,ashfield-district-council-local-plan-2023,reg-18-public-consultation-end,,,,
local-plan-timetable,,4230227,2024-11-25,,,,152,,local-plan-timetable,some,great-yarmouth-borough-council-local-plan-2024-estimated-reg-18-public-consultation-start,,timetable,,,2024-03-13,great-yarmouth-borough-council-local-plan-2024,estimated-reg-18-public-consultation-start,Issues and options,,,
local-plan-timetable,,4230228,2024-11-25,,,,74,,local-plan-timetable,some,castle-point-borough-council-local-plan-2023-reg-18-draft-local-plan-published,,timetable,,,2024-07-01,castle-point-borough-council-local-plan-2023,reg-18-draft-local-plan-published,Issues & Options,,,
local-plan-timetable,,4230229,2024-11-25,,,,74,,local-plan-timetable,some,castle-point-borough-council-local-plan-2023-reg-18-public-consultation-start,,timetable,,,2024-07-22,castle-point-borough-council-local-plan-2023,reg-18-public-consultation-start,Issues & Options,,,
local-plan-timetable,,4230230,2024-11-25,,,,74,,local-plan-timetable,some,castle-point-borough-council-local-plan-2023-reg-18-public-consultation-end,,timetable,,,2024-09-16,castle-point-borough-council-local-plan-2023,reg-18-public-consultation-end,Issues & Options,,,
local-plan-timetable,,4230231,2024-11-25,,,,152,,local-plan-timetable,some,great-yarmouth-borough-council-local-plan-2024-estimated-submit-plan-for-examination,,timetable,,,2025-01-01,great-yarmouth-borough-council-local-plan-2024,estimated-submit-plan-for-examination,,,,
local-plan-timetable,,4230232,2024-11-25,,,,152,,local-plan-timetable,some,great-yarmouth-borough-council-local-plan-2024-estimated-plan-adoption-date,,timetable,,,2026-01-01,great-yarmouth-borough-council-local-plan-2024,estimated-plan-adoption-date,,,,
local-plan-timetable,,4230233,2024-11-25,,,,74,,local-plan-timetable,some,castle-point-borough-council-local-plan-2023-estimated-reg-18-public-consultation-end,,timetable,,,2024-08-01,castle-point-borough-council-local-plan-2023,estimated-reg-18-public-consultation-end,Issues & Options,,,
local-plan-timetable,,4230234,2024-11-25,,,,74,,local-plan-timetable,some,castle-point-borough-council-local-plan-2023-estimated-reg-18-public-consultation-start,,timetable,,,2024-06-01,castle-point-borough-council-local-plan-2023,estimated-reg-18-public-consultation-start,Issues & Options,,,
local-plan-timetable,,4230235,2024-11-25,,,,31,,local-plan-timetable,some,ashfield-district-council-local-plan-2023-reg-19-publication-local-plan-published,,timetable,,,2023-11-01,ashfield-district-council-local-plan-2023,reg-19-publication-local-plan-published,,,,
local-plan-timetable,,4230236,2024-11-25,,,,31,,local-plan-timetable,some,ashfield-district-council-local-plan-2023-reg-19-public-consultation-start,,timetable,,,2023-12-04,ashfield-district-council-local-plan-2023,reg-19-public-consultation-start,,,,
local-plan-timetable,,4230237,2024-11-25,,,,31,,local-plan-timetable,some,ashfield-district-council-local-plan-2023-reg-19-public-consultation-end,,timetable,,,2024-01-29,ashfield-district-council-local-plan-2023,reg-19-public-consultation-end,,,,
local-plan-timetable,,4230238,2024-11-25,,,,74,,local-plan-timetable,some,castle-point-borough-council-local-plan-2023-estimated-reg-19-public-consultation-start,,timetable,,,2025-01-01,castle-point-borough-council-local-plan-2023,estimated-reg-19-public-consultation-start,,,,
local-plan-timetable,,4230239,2024-11-25,,,,74,,local-plan-timetable,some,castle-point-borough-council-local-plan-2023-estimated-reg-19-public-consultation-end,,timetable,,,2025-03-01,castle-point-borough-council-local-plan-2023,estimated-reg-19-public-consultation-end,,,,
local-plan-timetable,,4230240,2024-11-25,,,,74,,local-plan-timetable,some,castle-point-borough-council-local-plan-2023-estimated-reg-19-publication-local-plan-published,,timetable,,,2025-01-01,castle-point-borough-council-local-plan-2023,estimated-reg-19-publication-local-plan-published,,,,
local-plan-timetable,,4230241,2024-11-25,,,,74,,local-plan-timetable,some,castle-point-borough-council-local-plan-2023-estimated-submit-plan-for-examination,,timetable,,,2025-04-01,castle-point-borough-council-local-plan-2023,estimated-submit-plan-for-examination,,,,
local-plan-timetable,,4230242,2024-11-25,,,,74,,local-plan-timetable,some,castle-point-borough-council-local-plan-2023-estimated-plan-adoption-date,,timetable,,,2026-03-01,castle-point-borough-council-local-plan-2023,estimated-plan-adoption-date,,,,
local-plan-timetable,,4230243,2024-11-25,,,,161,,local-plan-timetable,some,hart-district-council-local-plan-2014-submit-plan-for-examination,,timetable,,,2018-06-18,hart-district-council-local-plan-2014,submit-plan-for-examination,,,,
local-plan-timetable,,4230244,2024-11-25,,,,161,,local-plan-timetable,some,hart-district-council-local-plan-2014-planning-inspectorate-examination-start,,timetable,,,2018-11-20,hart-district-council-local-plan-2014,planning-inspectorate-examination-start,,,,
local-plan-timetable,,4230245,2024-11-25,,,,161,,local-plan-timetable,some,hart-district-council-local-plan-2014-planning-inspectorate-examination-end,,timetable,,,2018-12-18,hart-district-council-local-plan-2014,planning-inspectorate-examination-end,,,,
local-plan-timetable,,4230246,2024-11-25,,,,40,,local-plan-timetable,some,bedford-borough-council-local-plan-2020-reg-18-draft-local-plan-published,,timetable,,,2020-07-14,bedford-borough-council-local-plan-2020,reg-18-draft-local-plan-published,Issues and Options,,,
local-plan-timetable,,4230247,2024-11-25,,,,40,,local-plan-timetable,some,bedford-borough-council-local-plan-2020-reg-18-public-consultation-start,,timetable,,,2021-06-29,bedford-borough-council-local-plan-2020,reg-18-public-consultation-start,Issues and Options,,,
local-plan-timetable,,4230248,2024-11-25,,,,40,,local-plan-timetable,some,bedford-borough-council-local-plan-2020-reg-18-public-consultation-end,,timetable,,,2021-09-03,bedford-borough-council-local-plan-2020,reg-18-public-consultation-end,Issues and Options,,,
local-plan-timetable,,4230249,2024-11-25,,,,160,,local-plan-timetable,some,hastings-borough-council-local-plan-2019-estimated-reg-18-draft-local-plan-published,,timetable,,,2020-03-02,hastings-borough-council-local-plan-2019,estimated-reg-18-draft-local-plan-published,,,,
local-plan-timetable,,4230250,2024-11-25,,,,160,,local-plan-timetable,some,hastings-borough-council-local-plan-2019-estimated-reg-19-public-consultation-start,,timetable,,,2025-04-01,hastings-borough-council-local-plan-2019,estimated-reg-19-public-consultation-start,,,,
local-plan-timetable,,4230251,2024-11-25,,,,28,,local-plan-timetable,some,amber-valley-borough-council-local-plan-2022-reg-19-public-consultation-start,,timetable,,,2024-02-16,amber-valley-borough-council-local-plan-2022,reg-19-public-consultation-start,"legal compliance, soundness and meeting the duty to cooperate",,,
local-plan-timetable,,4230252,2024-11-25,,,,28,,local-plan-timetable,some,amber-valley-borough-council-local-plan-2022-reg-19-public-consultation-end,,timetable,,,2024-05-01,amber-valley-borough-council-local-plan-2022,reg-19-public-consultation-end,"legal compliance, soundness and meeting the duty to cooperate",,,
local-plan-timetable,,4230253,2024-11-25,,,,76,,local-plan-timetable,some,central-bedfordshire-council-local-plan-estimated-reg-18-draft-local-plan-published,,timetable,,,2026-02-01,central-bedfordshire-council-local-plan,estimated-reg-18-draft-local-plan-published,Draft Local Plan Formal Consultation,,,
local-plan-timetable,,4230254,2024-11-25,,,,76,,local-plan-timetable,some,central-bedfordshire-council-local-plan-estimated-reg-18-public-consultation-end,,timetable,,,2026-04-01,central-bedfordshire-council-local-plan,estimated-reg-18-public-consultation-end,Draft Local Plan Formal Consultation,,,
local-plan-timetable,,4230255,2024-11-25,,,,76,,local-plan-timetable,some,central-bedfordshire-council-local-plan-estimated-reg-18-public-consultation-start,,timetable,,,2026-02-01,central-bedfordshire-council-local-plan,estimated-reg-18-public-consultation-start,Draft Local Plan Formal Consultation,,,
local-plan-timetable,,4230256,2024-11-25,,,,76,,local-plan-timetable,some,central-bedfordshire-council-local-plan-estimated-reg-19-public-consultation-start,,timetable,,,2027-10-01,central-bedfordshire-council-local-plan,estimated-reg-19-public-consultation-start,Publication of the proposed submission (Pre-Submission) plan for representations,,,
local-plan-timetable,,4230257,2024-11-25,,,,76,,local-plan-timetable,some,central-bedfordshire-council-local-plan-estimated-reg-19-publication-local-plan-published,,timetable,,,2027-09-01,central-bedfordshire-council-local-plan,estimated-reg-19-publication-local-plan-published,Publication of the proposed submission (Pre-Submission) plan for representations,,,
local-plan-timetable,,4230258,2024-11-25,,,,76,,local-plan-timetable,some,central-bedfordshire-council-local-plan-estimated-submit-plan-for-examination,,timetable,,,2028-02-01,central-bedfordshire-council-local-plan,estimated-submit-plan-for-examination,,,,
local-plan-timetable,,4230259,2024-11-25,,,,76,,local-plan-timetable,some,central-bedfordshire-council-local-plan-estimated-plan-adoption-date,,timetable,,,2028-12-01,central-bedfordshire-council-local-plan,estimated-plan-adoption-date,,,,
local-plan-timetable,,4230260,2024-11-25,,,,40,,local-plan-timetable,some,bedford-borough-council-local-plan-2020-submit-plan-for-examination,,timetable,,,2023-01-12,bedford-borough-council-local-plan-2020,submit-plan-for-examination,,,,
local-plan-timetable,,4230261,2024-11-25,,,,40,,local-plan-timetable,some,bedford-borough-council-local-plan-2030-submit-plan-for-examination,,timetable,,,2018-12-05,bedford-borough-council-local-plan-2030,submit-plan-for-examination,,,,
local-plan-timetable,,4230262,2024-11-25,,,,38,,local-plan-timetable,some,bath-and-north-east-somerset-council-local-plan-2022-estimated-reg-18-draft-local-plan-published,,timetable,,,2024-06-01,bath-and-north-east-somerset-council-local-plan-2022,estimated-reg-18-draft-local-plan-published,,,,
local-plan-timetable,,4230263,2024-11-25,,,,38,,local-plan-timetable,some,bath-and-north-east-somerset-council-local-plan-2022-estimated-reg-18-public-consultation-end,,timetable,,,2024-08-01,bath-and-north-east-somerset-council-local-plan-2022,estimated-reg-18-public-consultation-end,,,,
local-plan-timetable,,4230264,2024-11-25,,,,38,,local-plan-timetable,some,bath-and-north-east-somerset-council-local-plan-2022-estimated-reg-18-public-consultation-start,,timetable,,,2024-06-01,bath-and-north-east-somerset-council-local-plan-2022,estimated-reg-18-public-consultation-start,,,,
local-plan-timetable,,4230265,2024-11-25,,,,44,,local-plan-timetable,some,birmingham-city-council-local-plan-2026-reg-18-public-consultation-start,,timetable,,,2024-07-01,birmingham-city-council-local-plan-2026,reg-18-public-consultation-start,Preferred options,,,
local-plan-timetable,,4230266,2024-11-25,,,,44,,local-plan-timetable,some,birmingham-city-council-local-plan-2026-reg-18-public-consultation-end,,timetable,,,2024-08-01,birmingham-city-council-local-plan-2026,reg-18-public-consultation-end,Preferred options,,,
local-plan-timetable,,4230267,2024-11-25,,,,38,,local-plan-timetable,some,bath-and-north-east-somerset-council-local-plan-2022-estimated-submit-plan-for-examination,,timetable,,,2024-11-01,bath-and-north-east-somerset-council-local-plan-2022,estimated-submit-plan-for-examination,,,,
local-plan-timetable,,4230268,2024-11-25,,,,38,,local-plan-timetable,some,bath-and-north-east-somerset-council-local-plan-2022-estimated-plan-adoption-date,,timetable,,,2025-09-01,bath-and-north-east-somerset-council-local-plan-2022,estimated-plan-adoption-date,,,,
local-plan-timetable,,4230269,2024-11-25,,,,44,,local-plan-timetable,some,birmingham-city-council-local-plan-2026-reg-19-public-consultation-start,,timetable,,,2025-02-01,birmingham-city-council-local-plan-2026,reg-19-public-consultation-start,,,,
local-plan-timetable,,4230270,2024-11-25,,,,44,,local-plan-timetable,some,birmingham-city-council-local-plan-2026-submit-plan-for-examination,,timetable,,,2025-06-01,birmingham-city-council-local-plan-2026,submit-plan-for-examination,,,,
local-plan-timetable,,4230271,2024-11-25,,,,44,,local-plan-timetable,some,birmingham-city-council-local-plan-2026-planning-inspectorate-examination-start,,timetable,,,2025-09-01,birmingham-city-council-local-plan-2026,planning-inspectorate-examination-start,,,,
local-plan-timetable,,4230272,2024-11-25,,,,44,,local-plan-timetable,some,birmingham-city-council-local-plan-2026-inspector-report-published,,timetable,,,2026-09-01,birmingham-city-council-local-plan-2026,inspector-report-published,,,,
local-plan-timetable,,4230273,2024-11-25,,,,44,,local-plan-timetable,some,birmingham-city-council-local-plan-2026-planning-inspectorate-found-sound,,timetable,,,2026-09-01,birmingham-city-council-local-plan-2026,planning-inspectorate-found-sound,,,,
local-plan-timetable,,4230274,2024-12-06,,,,,,local-plan-timetable,some,black-country-core-strategy-2011-plan-adopted,,timetable,,,2011-02-03,black-country-core-strategy-2011,plan-adopted,,,,
local-plan-timetable,,4230275,2024-12-06,,,,162,,local-plan-timetable,some,london-borough-of-havering-local-plan-2016-plan-adopted,,timetable,,,2021-11-17,london-borough-of-havering-local-plan-2016,plan-adopted,,,,
local-plan-timetable,,4230276,2024-12-06,,,,122,,local-plan-timetable,some,east-hampshire-district-council-local-plan-2021-timetable-published,,timetable,,,2023-07-01,east-hampshire-district-council-local-plan-2021,timetable-published,,,,
local-plan-timetable,,4230277,2024-12-06,,,,379,,local-plan-timetable,some,woking-borough-council-local-plan-2010-plan-adopted,,timetable,,,2012-10-25,woking-borough-council-local-plan-2010,plan-adopted,,,,
local-plan-timetable,,4230278,2024-12-06,,,,379,,local-plan-timetable,some,woking-borough-council-local-plan-2010-timetable-published,,timetable,,,2018-10-18,woking-borough-council-local-plan-2010,timetable-published,,,,
local-plan-timetable,,4230279,2024-12-06,,,,111,,local-plan-timetable,some,dover-district-council-local-plan-2020-plan-adopted,,timetable,,,2024-10-16,dover-district-council-local-plan-2020,plan-adopted,,,,
local-plan-timetable,,4230280,2024-12-06,,,,399,,local-plan-timetable,some,broads-authority-local-plan-2015-plan-adopted,,timetable,,,2019-05-17,broads-authority-local-plan-2015,plan-adopted,,,,
local-plan-timetable,,4230281,2024-12-06,,,,65,,local-plan-timetable,some,london-borough-of-bromley-local-plan-2019-plan-adopted,,timetable,,,2019-01-16,london-borough-of-bromley-local-plan-2019,plan-adopted,,,,
local-plan-timetable,,4230282,2024-12-06,,,,249,,local-plan-timetable,some,oldham-metropolitan-borough-council-local-plan-2011-plan-adopted,,timetable,,,2011-11-09,oldham-metropolitan-borough-council-local-plan-2011,plan-adopted,,,,
local-plan-timetable,,4230283,2024-12-06,,,,115,,local-plan-timetable,some,london-borough-of-ealing-local-plan-2011-plan-adopted,,timetable,,,2012-04-03,london-borough-of-ealing-local-plan-2011,plan-adopted,,,,
local-plan-timetable,,4230284,2024-12-06,,,,165,,local-plan-timetable,some,hertsmere-borough-council-local-plan-2012-plan-adopted,,timetable,,,2013-01-16,hertsmere-borough-council-local-plan-2012,plan-adopted,,,,
local-plan-timetable,,4230285,2024-12-06,,,,41,,local-plan-timetable,some,london-borough-of-barking-and-dagenham-local-plan-2020-plan-adopted,,timetable,,,2024-09-18,london-borough-of-barking-and-dagenham-local-plan-2020,plan-adopted,,,,
local-plan-timetable,,4230286,2024-12-06,,,,44,,local-plan-timetable,some,birmingham-city-council-local-plan-2026-plan-adopted,,timetable,,,2017-01-10,birmingham-city-council-local-plan-2026,plan-adopted,,,,
local-plan-timetable,,4230287,2024-11-25,,,,,,local-plan-timetable,some,the-babergh-and-mid-suffolk-joint-local-plan-submit-plan-for-examination,,timetable,,,2021-03-31,the-babergh-and-mid-suffolk-joint-local-plan,submit-plan-for-examination,,,,
local-plan-timetable,,4230288,2024-11-25,,,,,,local-plan-timetable,some,the-babergh-and-mid-suffolk-joint-local-plan-planning-inspectorate-examination-end,,timetable,,,2023-09-19,the-babergh-and-mid-suffolk-joint-local-plan,planning-inspectorate-examination-end,,,,
local-plan-timetable,,4230289,2024-11-25,,,,,,local-plan-timetable,some,the-babergh-and-mid-suffolk-joint-local-plan-inspector-report-published,,timetable,,,2023-09-19,the-babergh-and-mid-suffolk-joint-local-plan,inspector-report-published,,,,
local-plan-timetable,,4230290,2024-11-25,,,,,,local-plan-timetable,some,gateshead-metropolitan-borough-council-local-plan-2010-inspector-report-published,,timetable,,,2015-02-24,gateshead-metropolitan-borough-council-local-plan-2010,inspector-report-published,,,,
local-plan-timetable,,4230291,2024-11-25,,,,,,local-plan-timetable,some,gateshead-metropolitan-borough-council-local-plan-2010-planning-inspectorate-found-sound,,timetable,,,2015-02-24,gateshead-metropolitan-borough-council-local-plan-2010,planning-inspectorate-found-sound,,,,
local-plan-timetable,,4230292,2024-12-06,,,,,,local-plan-timetable,some,the-babergh-and-mid-suffolk-joint-local-plan-plan-adopted,,timetable,,,2023-11-20,the-babergh-and-mid-suffolk-joint-local-plan,plan-adopted,,,,
local-plan-timetable,,4230293,2024-12-06,,,,,,local-plan-timetable,some,gateshead-metropolitan-borough-council-local-plan-2010-plan-adopted,,timetable,,,2015-03-26,gateshead-metropolitan-borough-council-local-plan-2010,plan-adopted,,,,
local-plan-timetable,,4230294,2024-12-06,,,,,,local-plan-timetable,some,"gloucester,-cheltenham-and-tewkesbury-joint-core-strategy-plan-adopted",,timetable,,,2017-11-23,"gloucester,-cheltenham-and-tewkesbury-joint-core-strategy",plan-adopted,,,,
local-plan-timetable,,4230295,2024-12-06,,,,29,,local-plan-timetable,some,arun-district-council-local-plan-2011-plan-adopted,,timetable,,,2018-07-18,arun-district-council-local-plan-2011,plan-adopted,,,,
local-plan-timetable,,4230296,2024-12-06,,,,137,,local-plan-timetable,some,fareham-borough-council-local-plan-2021-plan-adopted,,timetable,,,2023-04-05,fareham-borough-council-local-plan-2021,plan-adopted,,,,
local-plan-timetable,,4230297,2024-12-06,,,,116,,local-plan-timetable,some,eastbourne-borough-council-local-plan-2006-plan-adopted,,timetable,,,2013-02-20,eastbourne-borough-council-local-plan-2006,plan-adopted,,,,
local-plan-timetable,,4230298,2024-12-06,,,,50,,local-plan-timetable,some,barnsley-metropolitan-borough-council-local-plan-2014-plan-adopted,,timetable,,,2019-01-03,barnsley-metropolitan-borough-council-local-plan-2014,plan-adopted,,,,
local-plan-timetable,,4230299,2024-12-06,,,,70,,local-plan-timetable,some,cambridge-city-council-local-plan-2018-plan-adopted,,timetable,,,2018-10-18,cambridge-city-council-local-plan-2018,plan-adopted,,,,
local-plan-timetable,,4230300,2024-12-06,,,,26,,local-plan-timetable,some,adur-district-council-local-plan-2017-plan-adopted,,timetable,,,2017-12-14,adur-district-council-local-plan-2017,plan-adopted,,,,
local-plan-timetable,,4230301,2024-12-06,,,,88,,local-plan-timetable,some,calderdale-metropolitan-borough-council-local-plan-2018-plan-adopted,,timetable,,,2023-03-22,calderdale-metropolitan-borough-council-local-plan-2018,plan-adopted,,,,
local-plan-timetable,,4230302,2024-12-06,,,,385,,local-plan-timetable,some,warrington-borough-council-local-plan-2021-plan-adopted,,timetable,,,2023-12-04,warrington-borough-council-local-plan-2021,plan-adopted,,,,
local-plan-timetable,,4230303,2024-12-06,,,,103,,local-plan-timetable,some,dartford-borough-council-local-plan-2024-plan-adopted,,timetable,,,2024-04-22,dartford-borough-council-local-plan-2024,plan-adopted,,,,
local-plan-timetable,,4230304,2024-12-06,,,,303,,local-plan-timetable,some,sunderland-city-council-local-plan-2015-plan-adopted,,timetable,,,2020-01-30,sunderland-city-council-local-plan-2015,plan-adopted,,,,
local-plan-timetable,,4230305,2024-12-06,,,,44,,local-plan-timetable,some,birmingham-city-council-local-plan-2011-plan-adopted,,timetable,,,2017-01-10,birmingham-city-council-local-plan-2011,plan-adopted,,,,
local-plan-timetable,,4230306,2024-12-06,,,,400,,local-plan-timetable,some,dartmoor-national-park-authority-local-plan-2018-plan-adopted,,timetable,,,2021-12-03,dartmoor-national-park-authority-local-plan-2018,plan-adopted,,,,
local-plan-timetable,,4230307,2024-12-06,,,,205,,local-plan-timetable,some,maidstone-borough-council-local-plan-2021-plan-adopted,,timetable,,,2024-03-20,maidstone-borough-council-local-plan-2021,plan-adopted,,,,
local-plan-timetable,,4230308,2024-12-06,,,,118,,local-plan-timetable,some,east-cambridgeshire-district-council-local-plan-2011-plan-adopted,,timetable,,,2015-04-21,east-cambridgeshire-district-council-local-plan-2011,plan-adopted,,,,
local-plan-timetable,,4230309,2024-12-06,,,,175,,local-plan-timetable,some,london-borough-of-haringey-local-plan-2013-plan-adopted,,timetable,,,2017-07-24,london-borough-of-haringey-local-plan-2013,plan-adopted,,,,
local-plan-timetable,,4230310,2024-12-06,,,,75,,local-plan-timetable,some,canterbury-city-council-local-plan-2011-plan-adopted,,timetable,,,2017-07-13,canterbury-city-council-local-plan-2011,plan-adopted,,,,
local-plan-timetable,,4230311,2024-12-06,,,,107,,local-plan-timetable,some,derby-city-council-local-plan-2011-plan-adopted,,timetable,,,2017-01-25,derby-city-council-local-plan-2011,plan-adopted,,,,
local-plan-timetable,,4230312,2024-12-06,,,,156,,local-plan-timetable,some,halton-borough-council-local-plan-2014-plan-adopted,,timetable,,,2022-03-02,halton-borough-council-local-plan-2014,plan-adopted,,,,
local-plan-timetable,,4230313,2024-12-06,,,,156,,local-plan-timetable,some,halton-borough-council-local-plan-2014-timetable-published,,timetable,,,2020-03-05,halton-borough-council-local-plan-2014,timetable-published,,,,
local-plan-timetable,,4230314,2024-12-06,,,,36,,local-plan-timetable,some,basingstoke-and-deane-borough-council-local-plan-2011-plan-adopted,,timetable,,,2016-05-26,basingstoke-and-deane-borough-council-local-plan-2011,plan-adopted,,,,
local-plan-timetable,,4230315,2024-12-06,,,,166,,local-plan-timetable,some,high-peak-borough-council-local-plan-2011-plan-adopted,,timetable,,,2016-04-14,high-peak-borough-council-local-plan-2011,plan-adopted,,,,
local-plan-timetable,,4230316,2024-12-06,,,,319,,local-plan-timetable,some,london-borough-of-sutton-local-plan-2016-plan-adopted,,timetable,,,2018-02-26,london-borough-of-sutton-local-plan-2016,plan-adopted,,,,
local-plan-timetable,,4230317,2024-12-06,,,,119,,local-plan-timetable,some,east-devon-district-council-local-plan-2013-plan-adopted,,timetable,,,2016-01-28,east-devon-district-council-local-plan-2013,plan-adopted,,,,
local-plan-timetable,,4230318,2024-12-06,,,,106,,local-plan-timetable,some,derbyshire-dales-district-council-local-plan-2013-plan-adopted,,timetable,,,2017-12-07,derbyshire-dales-district-council-local-plan-2013,plan-adopted,,,,
local-plan-timetable,,4230319,2024-12-06,,,,119,,local-plan-timetable,some,east-devon-district-council-local-plan-2020-timetable-published,,timetable,,,2023-12-06,east-devon-district-council-local-plan-2020,timetable-published,,,,
local-plan-timetable,,4230320,2024-12-06,,,,145,,local-plan-timetable,some,gloucester-city-council-local-plan-2011-plan-adopted,,timetable,,,2023-01-01,gloucester-city-council-local-plan-2011,plan-adopted,,,,
local-plan-timetable,,4230321,2024-12-06,,,,74,,local-plan-timetable,some,castle-point-borough-council-local-plan-1998-plan-adopted,,timetable,,,1998-11-17,castle-point-borough-council-local-plan-1998,plan-adopted,,,,
local-plan-timetable,,4230322,2024-12-06,,,,34,,local-plan-timetable,some,bassetlaw-district-council-local-plan-2018-plan-adopted,,timetable,,,2024-05-29,bassetlaw-district-council-local-plan-2018,plan-adopted,,,,
local-plan-timetable,,4230323,2024-12-06,,,,217,,local-plan-timetable,some,london-borough-of-merton-local-plan-2024-plan-adopted,,timetable,,,2024-11-20,london-borough-of-merton-local-plan-2024,plan-adopted,,,,
local-plan-timetable,,4230324,2024-12-06,,,,101,,local-plan-timetable,some,dacorum-borough-council-local-plan-2006-plan-adopted,,timetable,,,2013-09-25,dacorum-borough-council-local-plan-2006,plan-adopted,,,,
