dataset,end-date,entity,entry-date,geojson,geometry,name,organisation-entity,point,prefix,quality,reference,start-date,typology,adopted-date,document-url,documentation-url,local-plan-boundary,local-plan-process,local-planning-authorities,notes,organisation,organisations,period-end-date,period-start-date
local-plan,,4220000,2024-10-02,,,Arun District Council Local Plan 2011 - 2031,600001,,local-plan,authoritative,arun-district-council-local-plan-2011,,legal-instrument,2018-07-18,,https://www.arun.gov.uk/adopted-local-plan/,E07000224,,,,,local-authority:ARU,2031-01-01,2011-01-01
local-plan,,4220001,2024-10-02,,,London Borough of Islington Local Plan 2023,600001,,local-plan,authoritative,london-borough-of-islington-local-plan-2023,,legal-instrument,2023-09-28,,https://www.islington.gov.uk/planning/planning-policy/islington-local-plan,E09000019,,,,,local-authority:ISL,2037-01-01,2020-01-01
local-plan,,4220002,2024-10-15,,,Camden local plan 2026,600001,,local-plan,authoritative,camden-local-plan-2026,,legal-instrument,,,https://www.camden.gov.uk/draft-new-local-plan,E09000007,,,,,local-authority:CMD,2041-01-01,2026-01-01
local-plan,,4220003,2024-10-02,,,Darlington Local Plan 2016 - 2036,600001,,local-plan,authoritative,darlington-borough-council-local-plan-2016,,legal-instrument,2022-02-17,,https://www.darlington.gov.uk/environment-and-planning/planning/planning-and-environmental-policy/adopted-local-plan-2016-2036/,E06000005,,,,,local-authority:DAL,2036-01-01,2016-01-01
local-plan,,4220004,2024-10-02,,,East Lindsey Local Plan Core Strategy,600001,,local-plan,authoritative,east-lindsey-district-council-local-plan-2018,,legal-instrument,2018-07-18,,https://www.e-lindsey.gov.uk/article/8934/Adopted-Local-Plan-2018,E07000137,,,,,local-authority:ELI,2031-01-01,2016-01-01
local-plan,,4220005,2024-10-02,,,Camden Local Plan 2017,600001,,local-plan,authoritative,london-borough-of-camden-local-plan-2017,,legal-instrument,2017-07-03,,https://www.camden.gov.uk/camden-local-plan1,E09000007,,,,,local-authority:CMD,2031-01-01,2016-01-01
local-plan,,4220006,2024-10-02,,,South Cambridgeshire Local Plan 2018,600001,,local-plan,authoritative,south-cambridgeshire-district-council-local-plan-2018,,legal-instrument,2018-09-27,,https://www.scambs.gov.uk/planning/local-plan-and-neighbourhood-planning/the-adopted-development-plan/south-cambridgeshire-local-plan-2018,E07000012,,,,,local-authority:SCA,2031-01-01,2018-01-01
local-plan,,4220007,2024-10-02,,,Staffordshire Moorlands Local Plan,600001,,local-plan,authoritative,staffordshire-moorlands-district-council-local-plan-2014,,legal-instrument,2020-09-09,,https://www.staffsmoorlands.gov.uk/localplan,E07000198,,,,,local-authority:STF,2033-01-01,2014-01-01
local-plan,,4220008,2024-10-02,,,Core Strategy Local Plan,600001,,local-plan,authoritative,thurrock-council-local-plan-2015,,legal-instrument,2015-01-28,,https://www.thurrock.gov.uk/current-development-plan/core-strategy-local-plan,E06000034,,,,,local-authority:THR,2026-01-01,2015-01-01
local-plan,,4220009,2024-10-02,,,Vale of White Horse District Council Local Plan 2016,600001,,local-plan,authoritative,vale-of-white-horse-district-council-local-plan-2016,,legal-instrument,2016-12-01,,https://www.whitehorsedc.gov.uk/vale-of-white-horse-district-council/planning-and-development/local-plan-and-planning-policies/local-plan-2031/,E07000180,,,,,local-authority:VAL,2031-01-01,2011-01-01
local-plan,,4220010,2024-10-02,,,Adur District Council Local Plan 2017,600001,,local-plan,authoritative,adur-district-council-local-plan-2017,,legal-instrument,2017-12-14,,https://www.adur-worthing.gov.uk/adur-local-plan/,E07000223,,,,,local-authority:ADU,2032-01-01,2017-01-01
local-plan,,4220011,2024-10-21,,,Adur Local Plan 2017 (adopted) - Part 1,600001,,local-plan,authoritative,adur-local-plan-2017-adopted-part-1,,legal-instrument,2017-12-14,,https://www.adur-worthing.gov.uk/adur-local-plan,E07000223,,,,,local-authority:ADU,2032-01-01,2011-01-01
local-plan,,4220012,2024-10-21,,,Ashfield Local Plan 2023 - 2040,600001,,local-plan,authoritative,ashfield-local-plan-2023-2040,,legal-instrument,,,https://www.ashfield.gov.uk/planning-building-control/local-plan/emerging-local-plan,E07000170,,,,,local-authority:ASH,2040-01-01,2023-01-01
local-plan,,4220013,2024-10-02,,,Ashford Borough Council Local Plan 2019,600001,,local-plan,authoritative,ashford-borough-council-local-plan-2019,,legal-instrument,2019-02-01,,https://www.ashford.gov.uk/planning-and-development/planning-policy/adopted-development-plan-documents/adopted-local-plan-to-2030/,E07000105,,,,,local-authority:ASF,2030-01-01,2019-01-01
local-plan,,4220014,2024-10-02,,,The Babergh and Mid Suffolk Joint Local Plan,600001,,local-plan,authoritative,babergh-district-council-local-plan-2023,,legal-instrument,2023-11-20,,https://www.babergh.gov.uk/joint-local-plan?p_l_back_url=%2Fsearch%3Fq%3DLocal%2BPlans,E07000200,,,,,local-authority:BAB;local-authority:MSU,2037-01-01,2018-01-01
local-plan,,4220015,2024-10-02,,,Barnsley Local Plan 2019,600001,,local-plan,authoritative,barnsley-metropolitan-borough-council-local-plan-2019,,legal-instrument,2019-01-03,,https://www.barnsley.gov.uk/services/planning-and-buildings/local-planning-and-development/our-local-plan/barnsleys-local-plan/,E08000016,,,,,local-authority:BNS,2033-01-01,2014-01-01
local-plan,,4220016,2024-10-02,,,Basildon District Local Plan,600001,,local-plan,authoritative,basildon-borough-council-local-plan-2011,,legal-instrument,1998-01-01,,https://www.basildon.gov.uk/adoptedplan,E07000066,,,,,local-authority:BAI,,
local-plan,,4220017,2024-10-21,,,New Local Plan,600001,,local-plan,authoritative,basildon-borough-council-new-local-plan,,legal-instrument,,,https://www.basildon.gov.uk/planningpolicy,E07000066,,,,,local-authority:BAI,,
local-plan,,4220018,2024-10-02,,,Basingstoke and Deane Borough Council Local Plan 2011,600001,,local-plan,authoritative,basingstoke-and-deane-borough-council-local-plan-2011,,legal-instrument,2016-05-26,,https://www.basingstoke.gov.uk/planningpolicy,E07000084,,,,,local-authority:BAN,2029-01-01,2011-01-01
local-plan,,4220019,2024-10-21,,,Basingstoke & Deane Local Plan 2021-2040,600001,,local-plan,authoritative,basingstoke-deane-local-plan-2021-2040,,legal-instrument,,,https://www.basingstoke.gov.uk/LPU-reg18-consultation,E07000084,,,,,local-authority:BAN,2040-01-01,2021-01-01
local-plan,,4220020,2024-10-02,,,Bassetlaw District Council Local Plan 2020,600001,,local-plan,authoritative,bassetlaw-district-council-local-plan-2020,,legal-instrument,2024-05-29,,https://www.bassetlaw.gov.uk/planning-and-building/bassetlaw-local-plan-2020-2038/bassetlaw-local-plan-2020-2038/,E07000171,,,,,local-authority:BAE,2038-01-01,2018-01-01
local-plan,,4220021,2024-10-02,,,Local Plan 2030,600001,,local-plan,authoritative,bedford-borough-council-local-plan-2018,,legal-instrument,2020-01-15,,https://www.bedford.gov.uk/planning-and-building-control/planning-policy/local-plan-2030/local-plan-2030-overview,E06000055,,,,,local-authority:BDF,2030-01-01,
local-plan,,4220022,2024-10-21,,,Local Plan 2040,600001,,local-plan,authoritative,bedford-borough-council-local-plan-2040,,legal-instrument,,,https://www.bedford.gov.uk/planning-and-building-control/planning-policy/local-plan-2040,E06000055,,,,,local-authority:BDF,2040-01-01,2020-01-01
local-plan,,4220023,2024-10-21,,,Birmingham Plan 2042,600001,,local-plan,authoritative,birmingham-plan-2042,,legal-instrument,2017-01-10,,https://www.birmingham.gov.uk/info/20008/planning_and_development/2477/new_local_plan_for_birmingham,E08000025,,,,,local-authority:BIR,2042-01-01,2026-01-01
local-plan,,4220024,2024-10-21,,,"Bournemouth, Christchurch and Poole (BCP) Plan",600001,,local-plan,authoritative,bournemouth-christchurch-and-poole-bcp-plan,,legal-instrument,,,https://www.bcpcouncil.gov.uk/Planning-and-building-control/Planning-policy/BCP-Local-Plan/BCP-Local-Plan.aspx,E06000058,,,,,local-authority:BPC,2039-01-01,2024-01-01
local-plan,,4220025,2024-10-02,,,Calderdale Metropolitan Borough Council Local Plan 2018,600001,,local-plan,authoritative,calderdale-metropolitan-borough-council-local-plan-2018,,legal-instrument,2023-03-22,,https://new.calderdale.gov.uk/planning-and-building-control/planning-policy/local-plan,E08000033,,,,,local-authority:CLD,2033-01-01,2018-01-01
local-plan,,4220026,2024-10-02,,,Cambridge City Council Local Plan 2018,600001,,local-plan,authoritative,cambridge-city-council-local-plan-2018,,legal-instrument,2018-10-18,,https://www.cambridge.gov.uk/local-plan-2018,E07000008,,,,,local-authority:CAB,2031-01-01,2018-01-01
local-plan,,4220027,2024-10-02,,,Cannock Chase District Council Local Plan 2006,600001,,local-plan,authoritative,cannock-chase-district-council-local-plan-2006,,legal-instrument,2014-06-11,,https://www.cannockchasedc.gov.uk/residents/planning-and-building-control/planning-policy/cannock-chase-local-plan,E07000192,,,,,local-authority:CAN,2028-01-01,2006-01-01
local-plan,,4220028,2024-10-21,,,Cannock Chase District Local Plan,600001,,local-plan,authoritative,cannock-chase-district-local-plan,,legal-instrument,,,https://www.cannockchasedc.gov.uk/residents/planning-and-building-control/planning-policy,E07000192,,,,,local-authority:CAN,2040-01-01,2018-01-01
local-plan,,4220029,2024-10-21,,,Canterbury District Local Plan,600001,,local-plan,authoritative,canterbury-district-local-plan,,legal-instrument,2017-07-13,,https://www.canterbury.gov.uk/planning-and-building/planning-policies/adopted-local-plan,E07000106,,,,,local-authority:CAT,2031-01-01,2011-01-01
local-plan,,4220030,2024-10-02,,,Castle Point Borough Council Local Plan 1998,600001,,local-plan,authoritative,castle-point-borough-council-local-plan-1998,,legal-instrument,1998-11-17,,https://www.castlepoint.gov.uk/adopted-local-plan/,E07000069,,,,,local-authority:CAS,,1998-01-01
local-plan,,4220031,2024-10-02,,,Central Bedfordshire Council Local Plan 2015,600001,,local-plan,authoritative,central-bedfordshire-council-local-plan-2015,,legal-instrument,2021-07-22,,https://www.centralbedfordshire.gov.uk/info/153/central_bedfordshire_local_plan_2015_to_2035/1034/adopted_local_plan,E06000056,,,,,local-authority:CBF,2035-01-01,2015-01-01
local-plan,,4220032,2024-10-21,,,New Local Plan - Creating Great Places to Live,600001,,local-plan,authoritative,central-bedfordshire-local-plan-2035,,legal-instrument,,,https://www.centralbedfordshire.gov.uk/info/313/creating_great_places_to_live_-_new_local_plan,E06000056,,,,,local-authority:CBF,,
local-plan,,4220033,2024-10-21,,,Core Strategy 2006-2031,600001,,local-plan,authoritative,core-strategy-2006-2031,,legal-instrument,2013-09-25,,http://www.dacorum.gov.uk/home/planning-development/planning-strategic-planning/local-planning-framework/core-strategy,E07000096,,,,,local-authority:DAC,2031-01-01,2006-01-01
local-plan,,4220034,2024-10-21,,,Cotswold District Local Plan 2026-2041 - New Local Plan,600001,,local-plan,authoritative,cotswold-district-local-plan-2026-2041-new-local-plan,,legal-instrument,,,https://www.cotswold.gov.uk/planning-and-building/planning-policy/evidence-base-and-monitoring,E07000079,,,,,local-authority:COT,2041-01-01,2026-01-01
local-plan,,4220035,2024-10-02,,,Dartford Borough Council Local Plan 2024,600001,,local-plan,authoritative,dartford-borough-council-local-plan-2024,,legal-instrument,2024-04-22,,https://www.dartford.gov.uk/policy-1/dartford-plan-2024/1,E07000107,,,,,local-authority:DAR,2037-01-01,2024-01-01
local-plan,,4220036,2024-10-21,,,Derby City Local Plan Part 1: Core Strategy,600001,,local-plan,authoritative,derby-city-local-plan-part-1-core-strategy,,legal-instrument,2017-01-25,,https://www.derby.gov.uk/environment-and-planning/planning/planning-policy/#Localplan,E06000015,,,,,local-authority:DER,2028-01-01,2011-01-01
local-plan,,4220037,2024-10-21,,,Derbyshire Dales Local Plan,600001,,local-plan,authoritative,derbyshire-dales-local-plan,,legal-instrument,2017-12-07,,http://www.derbyshiredales.gov.uk/planning-a-building-control/local-plan-2015-16,E07000035,,,,,local-authority:DEB,2033-01-01,2013-01-01
local-plan,,4220038,2024-10-21,,,Development Plan 2026,600001,,local-plan,authoritative,development-strategy-2026,,legal-instrument,2012-04-03,,https://www.ealing.gov.uk/info/201162/planning_policy/3124/development_plan,E09000009,,,,,local-authority:EAL,2026-01-01,2011-01-01
local-plan,,4220039,2024-10-02,,,Doncaster Local Plan 2018 - 2035,600001,,local-plan,authoritative,doncaster-metropolitan-borough-council-local-plan-2015,,legal-instrument,2021-09-23,,https://www.doncaster.gov.uk/services/planning/local-plan,E08000017,,,,,local-authority:DNC,2035-01-01,2018-01-01
local-plan,,4220040,2024-10-21,,,Black Country Core Strategy 2011,600001,,local-plan,authoritative,dud-2009,,legal-instrument,2011-02-03,,https://www.dudley.gov.uk/residents/planning/planning-policy/dudley-local-plan,E08000027,,,,,local-authority:WLV;local-authority:WLL;local-authority:SAW;local-authority:DUD,2026-01-01,2006-01-01
local-plan,,4220041,2024-10-02,,,East Cambridgeshire District Council Local Plan 2013,600001,,local-plan,authoritative,east-cambridgeshire-district-council-local-plan-2013,,legal-instrument,2015-04-21,,https://www.eastcambs.gov.uk/local-development-framework/east-cambridgeshire-local-plan-2015-amended-2023,E07000009,,,,,local-authority:ECA,2031-01-01,2011-01-01
local-plan,,4220042,2024-10-21,,,East Cambridgeshire Local Plan - Single Issue Review,600001,,local-plan,authoritative,east-cambridgeshire-local-plan-single-issue-review,,legal-instrument,2023-10-19,,https://www.eastcambs.gov.uk/local-development-framework/local-plan-review,E07000009,,,,,local-authority:ECA,2031-01-01,2022-01-01
local-plan,,4220043,2024-10-02,,,East Devon District Council Local Plan 2013,600001,,local-plan,authoritative,east-devon-district-council-local-plan-2013,,legal-instrument,2016-01-28,,https://eastdevon.gov.uk/planning/planning-policy/local-plan-2013-2031/,E07000040,,,,,local-authority:EDE,2031-01-01,2013-01-01
local-plan,,4220044,2024-10-21,,,East Devon Local Plan 2013-31,600001,,local-plan,authoritative,east-devon-local-plan-2013-31,,legal-instrument,2016-01-28,,http://eastdevon.gov.uk/planning/planning-policy/local-plan-2013-2031,E07000040,,,,,local-authority:EDE,2031-01-01,2013-01-01
local-plan,,4220045,2024-10-21,,,East Devon Local Plan 2020-2040,600001,,local-plan,authoritative,east-devon-local-plan-2020-2040,,legal-instrument,,,https://eastdevon.gov.uk/planning/planning-policy/emerging-local-plan/draft-local-plan-consultation,E07000040,,,,,local-authority:EDE,2040-01-01,2020-01-01
local-plan,,4220046,2024-10-21,,,East Hampshire Local Plan,600001,,local-plan,authoritative,east-hampshire-local-plan,,legal-instrument,,,http://www.easthants.gov.uk/draft-local-plan,E07000085,,,,,local-authority:EHA,2040-01-01,2021-01-01
local-plan,,4220047,2024-10-21,,,East Herts District Plan 2018,600001,,local-plan,authoritative,east-herts-district-plan-2018,,legal-instrument,2018-10-23,,https://www.eastherts.gov.uk/planning-and-building/planning-policy/east-herts-district-plan-2018,E07000242,,,,,local-authority:EHE,2033-01-01,2011-01-01
local-plan,,4220048,2024-10-02,,,East Staffordshire Borough Council Local Plan 2012,600001,,local-plan,authoritative,east-staffordshire-borough-council-local-plan-2012,,legal-instrument,2015-10-15,,https://www.eaststaffsbc.gov.uk/planning/planning-policy/local-plan-2012-2031,E07000193,,,,,local-authority:EST,2031-01-01,2012-01-01
local-plan,,4220049,2024-10-02,,,East Suffolk Council Local Plan 2019,600001,,local-plan,authoritative,east-suffolk-council-local-plan-2019,,legal-instrument,2019-03-20,,https://www.eastsuffolk.gov.uk/planning/planning-policy-and-local-plans/local-plans/,E07000244,,,,,local-authority:ESK,,
local-plan,,4220050,2024-10-21,,,Eastbourne Core Strategy,600001,,local-plan,authoritative,eastbourne-core-strategy,,legal-instrument,2013-02-20,,http://www.lewes-eastbourne.gov.uk/planning-policy,E07000061,,,,,local-authority:EAS,2027-01-01,2006-01-01
local-plan,,4220051,2024-10-21,,,Eastleigh Borough Local Plan 2016-2036,600001,,local-plan,authoritative,eastleigh-borough-local-plan-2016-2036,,legal-instrument,2022-04-25,,https://www.eastleigh.gov.uk/planning-and-building/planning-policy-and-implementation/local-plan,E07000086,,,,,local-authority:EAT,2036-01-01,2016-01-01
local-plan,,4220052,2024-10-21,,,Epping Forest District Local Plan,600001,,local-plan,authoritative,epping-forest-district-local-plan,,legal-instrument,2023-03-06,,https://www.eppingforestdc.gov.uk/planning-and-building/planning-policy/adopted-local-plan-march-2023/,E07000072,,,,,local-authority:EPP,2033-01-01,2011-01-01
local-plan,,4220053,2024-10-21,,,Fareham Local Plan 2037,600001,,local-plan,authoritative,fareham-local-plan-2037,,legal-instrument,2023-04-05,,https://www.fareham.gov.uk/planning/localplan.aspx,E07000087,,,,,local-authority:FAR,2037-01-01,2021-01-01
local-plan,,4220054,2024-10-21,,,Fenland Local Plan 2021 - 2040,600001,,local-plan,authoritative,fenland-local-plan-2021-2040,,legal-instrument,,,https://www.fenland.gov.uk/newlocalplan,E07000010,,,,,local-authority:FEN,2040-01-01,2021-01-01
local-plan,,4220055,2024-10-02,,,Gateshead Metropolitan Borough Council Local Plan 2010,600001,,local-plan,authoritative,gateshead-metropolitan-borough-council-local-plan-2010,,legal-instrument,2015-03-26,,https://www.gateshead.gov.uk/article/3251/Core-Strategy-and-Urban-Core-Plan-for-Gateshead-and-Newcastle-2010-2030,E08000037,,,,,local-authority:GAT;local-authority:NET,2030-01-01,2010-01-01
local-plan,,4220056,2024-10-21,,,"Gloucester, Cheltenham and Tewkesbury Joint Core Strategy",600001,,local-plan,authoritative,gloucester-cheltenham-and-tewkesbury-joint-core-strategy-duplicate,,legal-instrument,2017-11-23,,https://www.jointcorestrategy.org/home,E07000081,,,,,local-authority:TEW;local-authority:CHT;local-authority:GLO,2031-01-01,2011-01-01
local-plan,,4220057,2024-10-02,,,Gloucester City Council Local Plan 2011,600001,,local-plan,authoritative,gloucester-city-council-local-plan-2011,,legal-instrument,2023-01-01,,https://www.gloucester.gov.uk/planning-development/planning-policy/adopted-development-plan/,E07000081,,,,,local-authority:GLO,2031-01-01,2011-01-01
local-plan,,4220058,2024-10-21,,,Great Yarmouth Local Plan 2021-2041,600001,,local-plan,authoritative,great-yarmouth-local-plan-2021-2041,,legal-instrument,,,https://localplan.great-yarmouth.gov.uk,E07000145,,,,,local-authority:GRY,2041-01-01,2024-01-01
local-plan,,4220059,2024-10-21,,,Greater Cambridge Local Plan 2021-2041,600001,,local-plan,authoritative,greater-cambridge-local-plan-2021-2041,,legal-instrument,,,https://www.greatercambridgeplanning.org/emerging-plans-and-guidance/greater-cambridge-local-plan,E07000008,,,,,local-authority:CAB,2041-01-01,2020-01-01
local-plan,,4220060,2024-10-02,,,Halton Borough Council Local Plan 2014 - 2037,600001,,local-plan,authoritative,halton-borough-council-local-plan-2022,,legal-instrument,2022-03-02,,https://www3.halton.gov.uk/Pages/eip/eiphome.aspx,E06000006,,,,,local-authority:HAL,2037-01-01,2014-01-01
local-plan,,4220061,2024-10-21,,,Harborough New Local Plan 2020-2041,600001,,local-plan,authoritative,harborough-new-local-plan-2020-2041,,legal-instrument,,,https://harborough.oc2.uk/document/58/5666#topofdoc,E07000131,,,,,local-authority:HAO,2041-01-01,2020-01-01
local-plan,,4220062,2024-10-02,,,Harlow District Council Local Plan 2011,600001,,local-plan,authoritative,harlow-district-council-local-plan-2011,,legal-instrument,2020-12-10,,https://www.harlow.gov.uk/planning-and-building-control/planning-policy/local-plan,E07000073,,,,,local-authority:HAR,2033-01-01,2011-01-01
local-plan,,4220063,2024-10-21,,,Harlow Local Plan,600001,,local-plan,authoritative,harlow-local-plan,,legal-instrument,2020-12-10,,https://www.harlow.gov.uk/planning-and-building-control/planning-policy/new-local-plan/local-development-scheme,E07000073,,,,,local-authority:HAR,2033-01-01,2011-01-01
local-plan,,4220064,2024-10-02,,,Hart Local Plan (strategy and sites) 2032,600001,,local-plan,authoritative,hart-district-council-local-plan-2014,,legal-instrument,2020-04-30,,https://www.hart.gov.uk/planning-and-building-control/planning-policy/plans-and-policies,E07000089,,,,,local-authority:HAT,2032-01-01,2014-01-01
local-plan,,4220065,2024-10-21,,,Hartlepool Local Plan,600001,,local-plan,authoritative,hartlepool-local-plan,,legal-instrument,2018-05-22,,https://www.hartlepool.gov.uk/downloads/download/101/01_hartlepool_local_plan_2018,E06000001,,,,,local-authority:HPL,2031-01-01,2016-01-01
local-plan,,4220066,2024-10-21,,,Hastings Local Plan 2019-2039,600001,,local-plan,authoritative,hastings-local-plan-2019-2041,,legal-instrument,,,https://www.hastings.gov.uk/planning/policy/new-local-plan/introduction,E07000062,,,,,local-authority:HAS,2039-01-01,2019-01-01
local-plan,,4220067,2024-10-02,,,Herefordshire Council Local Plan 2021,600001,,local-plan,authoritative,herefordshire-council-local-plan-2021,,legal-instrument,2015-10-16,,https://www.herefordshire.gov.uk/local-plan-1,E06000019,,,,,local-authority:HEF,2041-01-01,2021-01-01
local-plan,,4220068,2024-10-02,,,Hertsmere Borough Council Local Plan 2012,600001,,local-plan,authoritative,hertsmere-borough-council-local-plan-2012,,legal-instrument,2013-01-16,,https://www.hertsmere.gov.uk/Planning--Building-Control/Planning-Policy/Local-Plan/Current-Local-Plan/Local-Plan-2012-27-Core-Strategy.aspx,E07000098,,,,,local-authority:HER,2027-01-01,2012-01-01
local-plan,,4220069,2024-10-02,,,High Peak Borough Council Local Plan 2011,600001,,local-plan,authoritative,high-peak-borough-council-local-plan-2011,,legal-instrument,2016-04-14,,https://www.highpeak.gov.uk/article/646/The-Adopted-Local-Plan-2016,E07000037,,,,,local-authority:HIG,2031-01-01,2011-01-01
local-plan,,4220070,2024-10-21,,,Huntingdonshire's Local Plan to 2036,600001,,local-plan,authoritative,huntingdonshire-s-local-plan-to-2036,,legal-instrument,2019-05-15,,http://www.huntingdonshire.gov.uk/planning/new-local-plan-to-2036,E07000011,,,,,local-authority:HUN,2036-01-01,2011-01-01
local-plan,,4220071,2024-10-02,,,Kirklees Council Local Plan 2013,600001,,local-plan,authoritative,kirklees-council-local-plan-2013,,legal-instrument,2019-02-27,,https://www.kirklees.gov.uk/beta/planning-policy/local-plan.aspx,E08000034,,,,,local-authority:KIR,2031-01-01,2013-01-01
local-plan,,4220072,2024-10-02,,,Lincolnshire County Council Local Plan 2023,600001,,local-plan,authoritative,lincolnshire-county-council-local-plan-2023,,legal-instrument,2023-04-13,,https://www.n-kesteven.gov.uk/central-lincolnshire,,,,,,local-authority:LIN,2040-01-01,2023-01-01
local-plan,,4220073,2024-10-21,,,Merton Local Plan 2024 – 2037/38,600001,,local-plan,authoritative,local-plan-2020,,legal-instrument,2024-11-20,,https://www.merton.gov.uk/planning-and-buildings/planning/local-plan/newlocalplan,E09000024,,,,,local-authority:MRT,2038-01-01,2024-01-01
local-plan,,4220074,2024-10-21,,,Local Plan Review 2018-2036,600001,,local-plan,authoritative,local-plan-review-2018-2036,,legal-instrument,2021-12-03,,https://www.dartmoor.gov.uk/living-and-working/business/planning-policy/local-plan-review,E26000001,,,,,national-park-authority:Q5225646,2036-01-01,2018-01-01
local-plan,,4220075,2024-10-02,,,London Borough of Bromley Local Plan 2019,600001,,local-plan,authoritative,london-borough-of-bromley-local-plan-2019,,legal-instrument,2019-01-16,,https://www.bromley.gov.uk/Local_Plan,E09000006,,,,,local-authority:BRY,,2019-01-01
local-plan,,4220076,2024-10-02,,,Ealing's Local Plan 2024-2039,600001,,local-plan,authoritative,london-borough-of-ealing-local-plan-2011,,legal-instrument,,,https://www.ealing.gov.uk/info/201164/local_plan/3125/new_local_plan,E09000009,,,,,local-authority:EAL,2039-01-01,2024-01-01
local-plan,,4220077,2024-10-02,,,London Borough of Haringey Local Plan 2013,600001,,local-plan,authoritative,london-borough-of-haringey-local-plan-2013,,legal-instrument,2017-07-24,,https://new.haringey.gov.uk/planning-building-control/planning/planning-policy/local-plan/local-plan-strategic-policies,E09000014,,,,,local-authority:HRY,2026-01-01,2013-01-01
local-plan,,4220078,2024-10-02,,,Havering Local Plan 2016,600001,,local-plan,authoritative,london-borough-of-havering-local-plan-2016,,legal-instrument,2021-11-17,,https://www.havering.gov.uk/planning-3/planning-policy/2,E09000016,,,,,local-authority:HAV,2031-01-01,2016-01-01
local-plan,,4220079,2024-10-02,,,London Borough of Lewisham Local Plan 2020,600001,,local-plan,authoritative,london-borough-of-lewisham-local-plan-2020,,legal-instrument,,,https://lewisham.gov.uk/myservices/planning/policy/planning/current-and-future-consultations,E09000023,,,,,local-authority:LEW,2038-01-01,2023-01-01
local-plan,,4220080,2024-10-02,,,Redbridge Local Plan 2015,600001,,local-plan,authoritative,london-borough-of-redbridge-local-plan-2015,,legal-instrument,2018-03-15,,https://www.redbridge.gov.uk/planning-and-building/planning-policy/local-plan/,E09000026,,,,,local-authority:RDB,2030-01-01,2015-01-01
local-plan,,4220081,2024-10-02,,,Sutton Local Plan 2016-2031,600001,,local-plan,authoritative,london-borough-of-sutton-local-plan-2018,,legal-instrument,2018-02-26,,https://www.sutton.gov.uk/w/the-local-plan,E09000029,,,,,local-authority:STN,2031-01-01,2016-01-01
local-plan,,4220082,2024-10-02,,,Local Plan Review 2021-2038,600001,,local-plan,authoritative,maidstone-borough-council-local-plan-2021,,legal-instrument,2024-03-20,,https://localplan.maidstone.gov.uk/home/local-plan-review,E07000110,,,,,local-authority:MAI,2038-01-01,2021-01-01
local-plan,,4220083,2024-10-02,,,Mansfield District Council Local Plan 2013,600001,,local-plan,authoritative,mansfield-district-council-local-plan-2013,,legal-instrument,2020-09-08,,https://www.mansfield.gov.uk/local-plan/adopted-local-plan-2013-2033,E07000174,,,,,local-authority:MAS,2033-01-01,2013-01-01
local-plan,,4220084,2024-10-21,,,Mid Sussex District Plan 2021 - 2039,600001,,local-plan,authoritative,mid-sussex-district-plan-2021-2039,,legal-instrument,,,https://www.midsussex.gov.uk/planning-building/mid-sussex-district-plan/district-plan-review,E07000228,,,,,local-authority:MSS,2039-01-01,2021-01-01
local-plan,,4220085,2024-11-04,,,New Ashford Local Plan to 2042,600001,,local-plan,authoritative,new-ashford-local-plan-to-2042,,legal-instrument,,,https://www.ashford.gov.uk/planning-and-development/planning-policy/emerging-local-plan/,,,,,,local-authority:ASF,2042-01-01,2024-01-01
local-plan,,4220086,2024-10-21,,,New Canterbury District Local Plan (2020-2040),600001,,local-plan,authoritative,new-canterbury-district-local-plan-2020-2040,,legal-instrument,,,https://news.canterbury.gov.uk/consultations/canterbury-district-local-plan-to-2040/,E07000106,,,,,local-authority:CAT,2041-01-01,2020-01-01
local-plan,,4220087,2024-10-21,,,New Dover District Plan,600001,,local-plan,authoritative,new-dover-district-plan,,legal-instrument,2024-10-16,,https://www.doverdistrictlocalplan.co.uk,E07000108,,,,,local-authority:DOV,2040-01-01,2020-01-01
local-plan,,4220088,2024-10-21,,,New Local Plan,600001,,local-plan,authoritative,new-local-plan,,legal-instrument,,,https://www.haringey.gov.uk/planning-and-building-control/planning/planning-policy/new-local-plan-first-steps-engagement,E09000014,,,,,local-authority:HRY,,
local-plan,,4220089,2024-11-04,,,New Local Plan,600001,,local-plan,authoritative,new-local-plan-0-0,,legal-instrument,,,https://www.tandridge.gov.uk/Planning-and-building/Planning-strategies-and-policies/New-Local-Plan,,,,,,local-authority:TAN,,
local-plan,,4220090,2024-10-02,,,Oldham Metropolitan Borough Council Local Plan 2011,600001,,local-plan,authoritative,oldham-metropolitan-borough-council-local-plan-2011,,legal-instrument,2011-11-09,,https://www.oldham.gov.uk/info/201229/current_local_planning_policy/2934/the_adopted_local_plan_in_oldham,E08000004,,,,,local-authority:OLD,,2011-01-01
local-plan,,4220091,2024-10-21,,,Local Plan 2040,600001,,local-plan,authoritative,sevenoaks-district-council-local-plan-2040,,legal-instrument,,,https://www.sevenoaks.gov.uk/info/20069131/plan_2040,E07000111,,,,,local-authority:SEV,2040-01-01,2025-01-01
local-plan,,4220092,2024-10-21,,,Stroud District Local Plan Review,600001,,local-plan,authoritative,stroud-district-local-plan-review,,legal-instrument,,,https://www.stroud.gov.uk/environment/planning-and-building-control/planning-strategy/stroud-district-local-plan-review,E07000082,,,,,local-authority:STO,2040-01-01,2020-01-01
local-plan,,4220093,2024-10-02,,,Sunderland City Council Core Strategy and Development Plan,600001,,local-plan,authoritative,sunderland-city-council-local-plan-2024,,legal-instrument,2020-01-30,,https://www.sunderland.gov.uk/CSDP,E08000024,,,,,local-authority:SND,2033-01-01,2015-01-01
local-plan,,4220094,2024-10-21,,,Sutton Local Plan (2042),600001,,local-plan,authoritative,sutton-local-plan-2042,,legal-instrument,,,https://www.sutton.gov.uk/w/localplanreview,E09000029,,,,,local-authority:STN,2041-01-01,2024-01-01
local-plan,,4220095,2024-10-21,,,The Barking and Dagenham Local Plan 2037,600001,,local-plan,authoritative,the-barking-and-dagenham-local-plan-2037,,legal-instrument,2024-09-18,,https://www.lbbd.gov.uk/local-plan-review,E09000002,,,,,local-authority:BDG,2037-01-01,2020-01-01
local-plan,,4220096,2024-10-21,,,Birmingham Local Plan,600001,,local-plan,authoritative,the-birmingham-plan-bdp-update,,legal-instrument,2017-01-10,,https://www.birmingham.gov.uk/downloads/download/1139/adopted_birmingham_development_plan,E08000025,,,,,local-authority:BIR,2042-01-01,2011-01-01
local-plan,,4220097,2024-11-25,,,The Castle Point Plan,600001,,local-plan,authoritative,the-castle-point-plan,,legal-instrument,,,https://www.castlepoint.gov.uk/castle-point-plan,E07000069,,,,,local-authority:CAS,2043-01-01,2023-01-01
local-plan,,4220098,2024-10-21,,,The Gateshead Plan 2025-2045,600001,,local-plan,authoritative,the-gateshead-plan-2025-2045,,legal-instrument,,,https://www.gateshead.gov.uk/media/39470/Start-of-the-Conversation-the-Gateshead-Plan/pdf/Start_of_the_Conversation_-_The_Gateshead_Plan_2.pdf?m=1706100430643,E08000037,,,,,local-authority:GAT,2045-01-01,2025-01-01
local-plan,,4220099,2024-10-21,,,Thurrock Local Plan 2040,600001,,local-plan,authoritative,thurrock-local-plan-2040,,legal-instrument,,,https://consult.thurrock.gov.uk/local-plan-initial-proposals,E06000034,,,,,local-authority:THR,2040-01-01,2025-01-01
local-plan,,4220100,2024-10-21,,,Trafford Local Plan,600001,,local-plan,authoritative,trafford-local-plan,,legal-instrument,,,https://www.trafford.gov.uk/planning/strategic-planning/local-plan/trafford-local-plan.aspx,E08000009,,,,,local-authority:TRF,2037-01-01,
local-plan,,4220101,2024-10-21,,,New Local Plan for Tunbridge Wells borough,600001,,local-plan,authoritative,tunbridge-wells-borough-council-new-local-plan,,legal-instrument,,,https://tunbridgewells.gov.uk/planning/planning-policy/local-plan,E07000116,,,,,local-authority:TUN,2038-01-01,2020-01-01
local-plan,,4220102,2024-10-21,,,Wakefield Local Development Plan 2036,600001,,local-plan,authoritative,wakefield-local-development-plan-2036,,legal-instrument,2024-01-24,,https://www.wakefield.gov.uk/planning/planning-policy/wakefield-district-local-plan-adopted,E08000036,,,,,local-authority:WKF,2036-01-01,2017-01-01
local-plan,,4220103,2024-10-21,,,Warrington Local Plan 2021/22 – 2038/39,600001,,local-plan,authoritative,warrington-local-plan-2021-22-2038-39,,legal-instrument,2023-12-04,,https://www.warrington.gov.uk/LocalPlan,E06000007,,,,,local-authority:WRT,2039-01-01,2021-01-01
local-plan,,4220104,2024-10-21,,,Welwyn Hatfield Local Plan,600001,,local-plan,authoritative,welwyn-hatfield-local-plan,,legal-instrument,2023-10-12,,https://www.welhat.gov.uk/local-plan,E07000241,,,,,local-authority:WEW,2036-01-01,2016-01-01
local-plan,,4220105,2024-10-21,,,Wirral Local Plan 2021 - 2037,600001,,local-plan,authoritative,wirral-local-plan-2021-2037,,legal-instrument,,,https://www.wirral.gov.uk/planning-and-building/local-plans-and-planning-policy,E08000015,,,,,local-authority:WRL,2037-01-01,2021-01-01
local-plan,,4220106,2024-10-02,,,Woking Borough Council Local Plan 2012,600001,,local-plan,authoritative,woking-borough-council-local-plan-2012,,legal-instrument,2012-10-25,,https://www.woking2027.info/developmentplan,E07000217,,,,,local-authority:WOI,2027-01-01,2010-01-01
local-plan,,4220107,2024-10-21,,,Places for Everyone joint development plan document,600001,,local-plan,authoritative,greater-manchester-spatial-framework-superseded-by-pep,,legal-instrument,2024-03-21,,https://www.greatermanchester-ca.gov.uk/what-we-do/housing/greater-manchester-spatial-framework,E08000002,,,,,local-authority:BUR,2037-01-01,2018-01-01
local-plan,,4220108,2024-10-21,,,Burnley's Local Plan,600001,,local-plan,authoritative,burnley-s-local-plan,,legal-instrument,2018-07-31,,https://www.burnley.gov.uk/residents/planning/planning-policy/burnleys-local-plan,E07000117,,,,,local-authority:BUN,2032-01-01,2012-01-01
local-plan,,4220109,2024-10-21,,,Greater Nottingham Strategic Plan,600001,,local-plan,authoritative,greater-nottingham-strategic-plan,,legal-instrument,,,https://gnplan.inconsult.uk/gnsppa/consultationHome,E07000172,,,,,local-authority:BRT,2038-01-01,2022-01-01
local-plan,,4220110,2024-10-21,,,Broads Local Plan Review,600001,,local-plan,authoritative,broads-local-plan-review,,legal-instrument,,,https://www.broads-authority.gov.uk/planning/planning-policies/local-plan-for-the-broads/local-plan-for-the-broads-review,E26000007,,,,,national-park-authority:Q4972284,2041-01-01,2021-01-01
local-plan,,4220111,2024-10-21,,,Bristol Local Plan Review,600001,,local-plan,authoritative,bristol-local-plan-2022-2040,,legal-instrument,,,https://www.bristol.gov.uk/residents/planning-and-building-regulations/planning-policy-and-guidance/local-plan/local-plan-review,E06000023,,,,,local-authority:BST,2040-01-01,2022-01-01
local-plan,,4220112,2024-10-02,,,The Broxbourne Local Plan,600001,,local-plan,authoritative,broxbourne-borough-council-local-plan-2018,,legal-instrument,2020-06-23,,https://www.broxbourne.gov.uk/planning/local-plan-2018-2033/1,E07000095,,,,,local-authority:BRX,2033-01-01,2018-01-01
local-plan,,4220113,2024-10-02,,,Part 1 Local Plan: Core Strategy,600001,,local-plan,authoritative,broxtowe-borough-council-local-plan-part-1-2014,,legal-instrument,2014-09-17,,https://www.broxtowe.gov.uk/for-you/planning/planning-policy/part-1-local-plan-core-strategy/,E07000172,,,,,local-authority:BRT,2028-01-01,2014-01-01
local-plan,,4220114,2024-10-02,,,Part 2 Local Plan,600001,,local-plan,authoritative,broxtowe-borough-council-local-plan-part-2-2019,,legal-instrument,2019-08-16,,https://www.broxtowe.gov.uk/for-you/planning/planning-policy/part-2-local-plan/,E07000172,,,,,local-authority:BRT,2028-01-01,2018-01-01
local-plan,,4220115,2024-10-21,,,Bromsgrove District Plan 2011-2030,600001,,local-plan,authoritative,bromsgrove-district-plan,,legal-instrument,2017-01-25,,http://www.bromsgrove.gov.uk/council/policy-and-strategy/planning-policies.aspx,E07000234,,,,,local-authority:BRM,2030-01-01,2011-01-01
local-plan,,4220116,2024-10-21,,,Bristol Local Plan,600001,,local-plan,authoritative,bristol-development-framework-core-strategy,,legal-instrument,2011-06-21,,https://www.bristol.gov.uk/residents/planning-and-building-regulations/planning-policy-and-guidance/local-plan,E06000023,,,,,local-authority:BST,2026-01-01,2006-01-01
local-plan,,4220117,2024-10-21,,,Local Plan for the Broads,600001,,local-plan,authoritative,local-plan-for-the-broads,,legal-instrument,2019-05-17,,https://www.broads-authority.gov.uk/planning/planning-policies/local-plan-for-the-broads/current-local-plan-for-the-broads,E26000007,,,,,national-park-authority:Q4972284,2036-01-01,2015-01-01
local-plan,,4220118,2024-10-21,,,Bromsgrove District Plan Review,600001,,local-plan,authoritative,bromsgrove-district-plan-review,,legal-instrument,,,https://www.bromsgrove.gov.uk/council/policy-and-strategy/planning-policies-and-other-planning-information/bromsgrove-district-plan-review/issues-and-options-consultation.aspx,E07000234,,,,,local-authority:BRM,,
local-plan,,4220119,2024-10-21,,,New Local Plan to 2042,600001,,local-plan,authoritative,new-local-plan-to-2042,,legal-instrument,,,https://www.blackpool.gov.uk/Residents/Planning-environment-and-community/Planning/Planning-policy/Blackpool-local-plan/New-local-plan-to-2042/New-local-plan-to-2042.aspx,E06000009,,,,,local-authority:BPL,2042-01-01,2021-01-01
local-plan,,4220120,2024-10-02,,,LOCAL PLAN for Bolsover District,600001,,local-plan,authoritative,bolsover-district-council-local-plan-2022,,legal-instrument,2022-02-25,,https://www.bolsover.gov.uk/index.php?option=com_content&view=article&id=90,E07000033,,,,,local-authority:BOS,2033-01-01,2014-01-01
local-plan,,4220121,2024-12-18,,,Local Plan Full Update 2024,600001,,local-plan,authoritative,local-plan-full-update-2024,,legal-instrument,,,https://www.breckland.gov.uk/article/19942/Local-Plan-Full-Update-2024,E07000143,,,,,local-authority:BRE,2046-01-01,
local-plan,,4220122,2024-10-02,,,Blaby District Council Local Plan 2019,600001,,local-plan,authoritative,blaby-district-council-local-plan-2019,,legal-instrument,2019-02-04,,https://www.blaby.gov.uk/planning-and-building/local-plan/,E07000129,,,,,local-authority:BLA,2029-01-01,2019-01-01
local-plan,,4220123,2024-10-02,,,Braintree District Council Local Plan 2014,600001,,local-plan,authoritative,braintree-district-council-local-plan-2014,,legal-instrument,2022-07-25,,https://www.braintree.gov.uk/planning-building-control/local-plan-2033/2,E07000067,,,,,local-authority:BRA,2033-01-01,2014-01-01
local-plan,,4220124,2024-10-02,,,Bolton Metropolitan Borough Council Local Plan 2011,600001,,local-plan,authoritative,bolton-metropolitan-borough-council-local-plan-2011,,legal-instrument,2011-03-02,,https://www.bolton.gov.uk/planning-policy-strategy/core-strategy/1,E08000001,,,,,local-authority:BOL,2026-01-01,2008-01-01
local-plan,,4220125,2024-10-02,,,Brentwood Local Plan 2016-2033,600001,,local-plan,authoritative,brentwood-borough-council-local-plan-2016,,legal-instrument,2022-03-23,,https://www.brentwood.gov.uk/adopted-local-plan,E07000068,,,,,local-authority:BRW,2033-01-01,2016-01-01
local-plan,,4220126,2024-10-02,,,Breckland Local Plan 2023,600001,,local-plan,authoritative,breckland-district-council-local-plan-2023,,legal-instrument,2023-09-21,,https://www.breckland.gov.uk/local-plan/adoption,E07000143,,,,,local-authority:BRE,2043-01-01,
local-plan,,4220127,2024-10-02,,,Blackburn with Darwen Borough Council Local Plan 2021,600001,,local-plan,authoritative,blackburn-with-darwen-borough-council-local-plan-2021,,legal-instrument,2024-01-25,,https://www.blackburn.gov.uk/planning/planning-policies-strategies-and-guides/local-plan-2021-2037,E06000008,,,,,local-authority:BBD,2037-01-01,2021-01-01
local-plan,,4220128,2024-10-21,,,"The Core Strategy, Placemaking Plan and Local Plan Partial Update",600001,,local-plan,authoritative,local-plan-partial-update-removed-as-non-strategic,,legal-instrument,,,https://www.bathnes.gov.uk/core-strategy-placemaking-plan-and-local-plan-partial-update,E06000022,,,,,local-authority:BAS,2029-01-01,2011-01-01
local-plan,,4220129,2024-10-21,,,Blaby District New Local Plan,600001,,local-plan,authoritative,blaby-district-new-local-plan,,legal-instrument,,,https://www.blaby.gov.uk/planning-and-building/local-plan/new-local-plan,E07000129,,,,,local-authority:BLA,2037-01-01,2022-01-01
local-plan,,4220130,2024-10-21,,,King’s Lynn & West Norfolk Local Plan,600001,,local-plan,authoritative,borough-council-of-king-s-lynn-and-west-norfolk-local-plan-review,,legal-instrument,,,https://www.west-norfolk.gov.uk/homepage/23/current_local_plan,E07000146,,,,,local-authority:KIN,2036-01-01,2016-01-01
local-plan,,4220131,2024-10-21,,,Brighton & Hove City Plan,600001,,local-plan,authoritative,brighton-and-hove-city-plan-part-one,,legal-instrument,2016-03-24,,https://www.brighton-hove.gov.uk/planning/planning-policy/city-plan-part-one,E06000043,,,,,local-authority:BNH,,
local-plan,,4220132,2024-10-21,,,South East Lincolnshire Local Plan 2011-2036,600001,,local-plan,authoritative,south-east-lincs-local-plan,,legal-instrument,2019-03-08,,http://www.southeastlincslocalplan.org/adopted-plan,E07000136,,,,,local-authority:BOT,2036-01-01,2011-01-01
local-plan,,4220133,2024-10-21,,,Local plan,600001,,local-plan,authoritative,blackpool-borough-council-core-strategy,,legal-instrument,2016-01-20,,https://www.blackpool.gov.uk/Residents/Planning-environment-and-community/Planning/Planning-policy/Planning-policy.aspx,E06000009,,,,,local-authority:BPL,2027-01-01,2012-01-01
local-plan,,4220134,2024-10-21,,,New Local Plan 2022 - 2042,600001,,local-plan,authoritative,new-local-plan-2022-2042,,legal-instrument,,,https://www.bathnes.gov.uk/local-plan,E06000022,,,,,local-authority:BAS,2042-01-01,2022-01-01
local-plan,,4220135,2024-10-21,,,Bracknell Forest Local Plan,600001,,local-plan,authoritative,bracknell-forest-local-plan,,legal-instrument,2024-03-19,,https://www.bracknell-forest.gov.uk/planning-and-building-control/planning/planning-policy/development-plan,E06000036,,,,,local-authority:BRC,2037-01-01,2020-01-01
local-plan,,4220136,2024-10-02,,,Greater Norwich Local Plan,600001,,local-plan,authoritative,norwich-city-council-local-plan-2018,,legal-instrument,2024-03-28,,https://www.gnlp.org.uk/,E07000148,,,,,local-authority:NOW,2038-01-01,2018-01-01
local-plan,,4220137,2024-10-02,,,Lambeth Local Plan,600001,,local-plan,authoritative,london-borough-of-lambeth-local-plan-2020,,legal-instrument,2021-09-22,,https://www.lambeth.gov.uk/planning-building-control/planning-policy-guidance/lambeth-local-plan-2021,E09000022,,,,,local-authority:LBH,2035-01-01,2020-01-01
local-plan,,4220138,2024-10-02,,,Luton Borough Council Local Plan 2011,600001,,local-plan,authoritative,luton-borough-council-local-plan-2011,,legal-instrument,2017-11-07,,https://m.luton.gov.uk/Page/Show/Environment/Planning/Regional%20and%20local%20planning/Pages/Local%20Plan%202011%20-%202031.aspx#accordion_1,E06000032,,,,,local-authority:LUT,2031-01-01,2011-01-01
local-plan,,4220139,2024-10-02,,,Elmbridge Borough Council Local Plan 2011,600001,,local-plan,authoritative,elmbridge-borough-council-local-plan-2011,,legal-instrument,2011-07-20,,https://www.elmbridge.gov.uk/planning/planning-policy-and-guidance/core-strategy,E07000207,,,,,local-authority:ELM,2026-01-01,2011-01-01
local-plan,,4220140,2024-10-02,,,City of Westminster Local Plan 2019,600001,,local-plan,authoritative,city-of-westminster-local-plan-2019,,legal-instrument,2021-04-21,,https://www.westminster.gov.uk/media/document/city-plan-2019-2040,E09000033,,,,,local-authority:WSM,2040-01-01,2019-01-01
local-plan,,4220141,2024-10-02,,,Amber Valley Borough Council Local Plan 2022-2040,600001,,local-plan,authoritative,amber-valley-borough-council-local-plan-2022,,legal-instrument,,,https://www.ambervalley.gov.uk/planning/planning-policy/local-plan/,E07000032,,,,,local-authority:AMB,2040-01-01,2022-01-01
local-plan,,4220142,2024-10-02,,,Chelmsford Local Plan,600001,,local-plan,authoritative,chelmsford-city-council-local-plan-2013,,legal-instrument,2020-05-27,,https://www.chelmsford.gov.uk/planning-and-building-control/planning-policy-and-local-plan/adopted-local-plan/,E07000070,,,,,local-authority:CHL,2036-01-01,2013-01-01
local-plan,,4220143,2024-10-02,,,City of London Local Plan 2015,600001,,local-plan,authoritative,city-of-london-corporation-local-plan-2015,,legal-instrument,2015-01-15,,https://www.cityoflondon.gov.uk/assets/Services-Environment/planning-local-plan-adopted-2015.pdf,E09000001,,,,,local-authority:LND,2026-01-01,2015-01-01
local-plan,,4220144,2024-10-21,,,Crawley Borough Local Plan 2023 - 2040,600001,,local-plan,authoritative,crawley-borough-local-plan-2023-2040,,legal-instrument,,,https://crawley.gov.uk/planning/planning-policy/local-plan/local-plan-review,E07000226,,,,,local-authority:CRW,2040-01-01,2023-01-01
local-plan,,4220145,2024-10-21,,,Westminster City Plan (NPPF Revision) superseded,600001,,local-plan,authoritative,westminster-city-plan-nppf-revision-superseded,,legal-instrument,2013-11-13,,https://www.westminster.gov.uk/media/document/core-020---adopted-westminster-city-plan-2016,E09000033,,,,,local-authority:WSM,2036-01-01,2016-01-01
local-plan,,4220146,2024-10-21,,,Horsham District Planning Framework,600001,,local-plan,authoritative,horsham-district-local-plan,,legal-instrument,,,https://www.horsham.gov.uk/planning/local-plan,E07000227,,,,,local-authority:HOR,2015-01-01,2011-01-01
local-plan,,4220147,2024-10-21,,,Elmbridge New Local Plan,600001,,local-plan,authoritative,elmbridge-new-local-plan,,legal-instrument,,,https://www.elmbridge.gov.uk/shaping-elmbridge/shaping-elmbridge-draft-local-plan,E07000207,,,,,local-authority:ELM,2037-01-01,2022-01-01
local-plan,,4220148,2024-10-21,,,County Durham Plan,600001,,local-plan,authoritative,county-durham-plan,,legal-instrument,2020-10-21,,https://www.durham.gov.uk/article/7440/What-is-the-County-Durham-Plan-,E06000047,,,,,local-authority:DUR,2035-01-01,
local-plan,,4220149,2024-10-21,,,City of York Local Plan 2017-2033,600001,,local-plan,authoritative,city-of-york-local-plan,,legal-instrument,2025-02-27,,https://www.york.gov.uk/planning-policy/adopted-local-plan,E06000014,,,,,local-authority:YOR,2033-01-01,2017-01-01
local-plan,,4220150,2024-10-21,,,City Plan 2040,600001,,local-plan,authoritative,city-plan-2040,,legal-instrument,,,https://www.cityoflondon.gov.uk/services/planning/planning-policy/city-plan-2040,E09000001,,,,,local-authority:LND,2040-01-01,2026-01-01
local-plan,,4220151,2024-10-21,,,Westminster City Plan Partial Review,600001,,local-plan,authoritative,westminster-city-plan-partial-review,,legal-instrument,,,https://www.westminster.gov.uk/planning-building-and-environmental-regulations/planning-policy/emerging-policies-and-consultations,E09000033,,,,,local-authority:WSM,2040-01-01,2022-01-01
