dataset,entity-minimum,entity-maximum,organisation
development-plan-timetable,5103454,5103476,local-authority:ADU
development-plan-timetable,5101702,5101726,local-authority:AMB
development-plan-timetable,5103477,5103499,local-authority:ARU
development-plan-timetable,5103500,5103522,local-authority:ASH
development-plan-timetable,5103523,5103545,local-authority:ASF
development-plan-timetable,5103546,5103568,local-authority:BAB
development-plan-timetable,5103569,5103591,local-authority:BNS
development-plan-timetable,5103592,5103614,local-authority:BAI
development-plan-timetable,5103615,5103637,local-authority:BAN
development-plan-timetable,5103638,5103660,local-authority:BAE
development-plan-timetable,5103661,5103683,local-authority:BAS
development-plan-timetable,5103684,5103706,local-authority:BDF
development-plan-timetable,5103707,5103729,local-authority:BIR
development-plan-timetable,5103730,5103752,local-authority:BLA
development-plan-timetable,5103753,5103775,local-authority:BBD
development-plan-timetable,5103776,5103798,local-authority:BPL
development-plan-timetable,5103799,5103821,local-authority:BOS
development-plan-timetable,5103822,5103844,local-authority:BOL
development-plan-timetable,5102052,5103867,local-authority:KIN
development-plan-timetable,5103868,5103890,local-authority:BOT
development-plan-timetable,5103891,5103913,local-authority:BPC
development-plan-timetable,5103914,5103936,local-authority:BRC
development-plan-timetable,5103937,5103959,local-authority:BRA
development-plan-timetable,5103960,5103982,local-authority:BRE
development-plan-timetable,5103983,5104005,local-authority:BRW
development-plan-timetable,5104006,5104028,local-authority:BNH
development-plan-timetable,5101727,5101751,local-authority:BST
development-plan-timetable,5104029,5104051,local-authority:BRO
development-plan-timetable,5104052,5104074,national-park-authority:Q4972284
development-plan-timetable,5104075,5104097,local-authority:BRM
development-plan-timetable,5104098,5104120,local-authority:BRX
development-plan-timetable,5104121,5104143,local-authority:BRT
development-plan-timetable,5104144,5104166,local-authority:BUC
development-plan-timetable,5104167,5104189,local-authority:BUN
development-plan-timetable,5104190,5104212,local-authority:BUR
development-plan-timetable,5104213,5104235,local-authority:CLD
development-plan-timetable,5104236,5104258,local-authority:CAB
development-plan-timetable,5101752,5101776,local-authority:CAN
development-plan-timetable,5104259,5104281,local-authority:CAT
development-plan-timetable,5104282,5104304,local-authority:CAS
development-plan-timetable,5104305,5104327,local-authority:CBF
development-plan-timetable,5104328,5104350,local-authority:CHA
development-plan-timetable,5104351,5104373,local-authority:CHL
development-plan-timetable,5104374,5104396,local-authority:CHT
development-plan-timetable,5104397,5104419,local-authority:CHR
development-plan-timetable,5104420,5104442,local-authority:CHE
development-plan-timetable,5104443,5104465,local-authority:CHW
development-plan-timetable,5104466,5104488,local-authority:CHS
development-plan-timetable,5101777,5101801,local-authority:CHI
development-plan-timetable,5101802,5101826,local-authority:CHO
development-plan-timetable,5104489,5104511,local-authority:BRD
development-plan-timetable,5104512,5104534,local-authority:LIC
development-plan-timetable,5104535,5104557,local-authority:LND
development-plan-timetable,5104558,5104580,local-authority:WSM
development-plan-timetable,5102627,5104603,local-authority:WLV
development-plan-timetable,5104604,5104626,local-authority:YOR
development-plan-timetable,5104627,5104649,local-authority:COL
development-plan-timetable,5104650,5104672,local-authority:CON
development-plan-timetable,5104673,5104695,local-authority:COT
development-plan-timetable,5104696,5104718,local-authority:IOS
development-plan-timetable,5104719,5104741,local-authority:COV
development-plan-timetable,5104742,5104764,local-authority:CRW
development-plan-timetable,5104765,5104787,local-authority:CUA
development-plan-timetable,5101827,5101851,local-authority:DAC
development-plan-timetable,5104788,5104810,local-authority:DAL
development-plan-timetable,5104811,5104833,local-authority:DAR
development-plan-timetable,5104834,5104856,national-park-authority:Q5225646
development-plan-timetable,5104857,5104879,local-authority:DER
development-plan-timetable,5104880,5104902,local-authority:DEB
development-plan-timetable,5104903,5104925,local-authority:DNC
development-plan-timetable,5104926,5104948,local-authority:DST
development-plan-timetable,5104949,5104971,local-authority:DOV
development-plan-timetable,5101852,5101876,local-authority:DUD
development-plan-timetable,5104972,5104994,local-authority:DUR
development-plan-timetable,5104995,5105017,local-authority:ECA
development-plan-timetable,5105018,5105040,local-authority:EDE
development-plan-timetable,5105041,5105063,local-authority:EHA
development-plan-timetable,5105064,5105086,local-authority:EHE
development-plan-timetable,5105087,5105109,local-authority:ELI
development-plan-timetable,5101877,5101901,local-authority:ERY
development-plan-timetable,5105110,5105132,local-authority:EST
development-plan-timetable,5105133,5105155,local-authority:ESK
development-plan-timetable,5105156,5105178,local-authority:EAS
development-plan-timetable,5105179,5105201,local-authority:EAT
development-plan-timetable,5105202,5105224,development-corporation:Q72463795
development-plan-timetable,5105225,5105247,local-authority:ELM
development-plan-timetable,5105248,5105270,local-authority:EPP
development-plan-timetable,5101902,5101926,local-authority:EPS
development-plan-timetable,5101927,5101951,local-authority:ERE
development-plan-timetable,5105271,5105293,local-authority:EXE
development-plan-timetable,5105294,5105316,national-park-authority:Q72617784
development-plan-timetable,5105317,5105339,local-authority:FAR
development-plan-timetable,5105340,5105362,local-authority:FEN
development-plan-timetable,5105363,5105385,local-authority:SHE
development-plan-timetable,5105386,5105408,local-authority:FOE
development-plan-timetable,5105409,5105431,local-authority:FYL
development-plan-timetable,5105432,5105454,local-authority:GAT
development-plan-timetable,5105455,5105477,local-authority:GED
development-plan-timetable,5105478,5105500,local-authority:GLO
development-plan-timetable,5105501,5105523,local-authority:GOS
development-plan-timetable,5105524,5105546,local-authority:GRA
development-plan-timetable,5101952,5101976,local-authority:GRY
development-plan-timetable,5105547,5105569,local-authority:GRT
development-plan-timetable,5105570,5105592,local-authority:HAL
development-plan-timetable,5105593,5105615,local-authority:HAO
development-plan-timetable,5105616,5105638,local-authority:HAR
development-plan-timetable,5105639,5105661,local-authority:HAT
development-plan-timetable,5105662,5105684,local-authority:HPL
development-plan-timetable,5105685,5105707,development-corporation:Q124604981
development-plan-timetable,5105708,5105730,local-authority:HAS
development-plan-timetable,5105731,5105753,local-authority:HAA
development-plan-timetable,5105754,5105776,local-authority:HEF
development-plan-timetable,5105777,5105799,local-authority:HER
development-plan-timetable,5105800,5105822,local-authority:HIG
development-plan-timetable,5105823,5105845,local-authority:HIN
development-plan-timetable,5101977,5102001,local-authority:HOR
development-plan-timetable,5105846,5105868,local-authority:KHL
development-plan-timetable,5105869,5105891,local-authority:HUN
development-plan-timetable,5102002,5102026,local-authority:HYN
development-plan-timetable,5105892,5105914,local-authority:IPS
development-plan-timetable,5102027,5102051,local-authority:IOW
development-plan-timetable,5105915,5105937,local-authority:KIR
development-plan-timetable,5105938,5105960,local-authority:KWL
development-plan-timetable,5105961,5105983,national-park-authority:Q27159704
development-plan-timetable,5105984,5106006,local-authority:LAC
development-plan-timetable,5106007,5106029,local-authority:LDS
development-plan-timetable,5106030,5106052,local-authority:LCE
development-plan-timetable,5106053,5106075,local-authority:LEE
development-plan-timetable,5106076,5106098,local-authority:LIF
development-plan-timetable,5106099,5106121,local-authority:LIV
development-plan-timetable,5106122,5106144,local-authority:BDG
development-plan-timetable,5106145,5106167,local-authority:BNE
development-plan-timetable,5106168,5106190,local-authority:BEX
development-plan-timetable,5106191,5106213,local-authority:BEN
development-plan-timetable,5106214,5106236,local-authority:BRY
development-plan-timetable,5106237,5106259,local-authority:CMD
development-plan-timetable,5106260,5106282,local-authority:CRY
development-plan-timetable,5106283,5106305,local-authority:EAL
development-plan-timetable,5106306,5106328,local-authority:ENF
development-plan-timetable,5106329,5106351,local-authority:HCK
development-plan-timetable,5106352,5106374,local-authority:HMF
development-plan-timetable,5106375,5106397,local-authority:HRY
development-plan-timetable,5106398,5106420,local-authority:HRW
development-plan-timetable,5106421,5106443,local-authority:HAV
development-plan-timetable,5106444,5106466,local-authority:HIL
development-plan-timetable,5106467,5106489,local-authority:HNS
development-plan-timetable,5106490,5106512,local-authority:ISL
development-plan-timetable,5106513,5106535,local-authority:LBH
development-plan-timetable,5106536,5106558,local-authority:LEW
development-plan-timetable,5106559,5106581,local-authority:MRT
development-plan-timetable,5106582,5106604,local-authority:NWM
development-plan-timetable,5106605,5106627,local-authority:RDB
development-plan-timetable,5106628,5106650,local-authority:RIC
development-plan-timetable,5106651,5106673,local-authority:SWK
development-plan-timetable,5106674,5106696,local-authority:STN
development-plan-timetable,5106697,5106719,local-authority:TWH
development-plan-timetable,5106720,5106742,local-authority:WFT
development-plan-timetable,5106743,5106765,local-authority:WND
development-plan-timetable,5106766,5106788,local-authority:LUT
development-plan-timetable,5106789,5106811,local-authority:MAI
development-plan-timetable,5106812,5106834,local-authority:MAL
development-plan-timetable,5102077,5102101,local-authority:MAV
development-plan-timetable,5106835,5106857,local-authority:MAN
development-plan-timetable,5106858,5106880,local-authority:MAS
development-plan-timetable,5106881,5106903,local-authority:MDW
development-plan-timetable,5106904,5106926,local-authority:MEL
development-plan-timetable,5106927,5106949,local-authority:MDE
development-plan-timetable,5106950,5106972,local-authority:MSU
development-plan-timetable,5106973,5106995,local-authority:MSS
development-plan-timetable,5106996,5107018,local-authority:MDB
development-plan-timetable,5107019,5107041,development-corporation:Q117149370
development-plan-timetable,5107042,5107064,local-authority:MIK
development-plan-timetable,5107065,5107087,local-authority:MOL
development-plan-timetable,5107088,5107110,local-authority:NEW
development-plan-timetable,5107111,5107133,national-park-authority:Q72617158
development-plan-timetable,5107134,5107156,local-authority:NEA
development-plan-timetable,5107157,5107179,local-authority:NET
development-plan-timetable,5102102,5102126,local-authority:NEC
development-plan-timetable,5107180,5107202,local-authority:NDE
development-plan-timetable,5107203,5107225,local-authority:NED
development-plan-timetable,5107226,5107248,local-authority:NEL
development-plan-timetable,5107249,5107271,local-authority:NHE
development-plan-timetable,5107272,5107294,local-authority:NKE
development-plan-timetable,5107295,5107317,local-authority:NLN
development-plan-timetable,5102127,5102151,local-authority:NNO
development-plan-timetable,5107318,5107340,local-authority:NNUA
development-plan-timetable,5107341,5107363,local-authority:NSM
development-plan-timetable,5107364,5107386,local-authority:NTY
development-plan-timetable,5107387,5107409,local-authority:NWA
development-plan-timetable,5107410,5107432,local-authority:NWL
development-plan-timetable,5107433,5107455,national-park-authority:Q72617669
development-plan-timetable,5107456,5107478,local-authority:NYUA
development-plan-timetable,5107479,5107501,local-authority:NBL
development-plan-timetable,5107502,5107524,national-park-authority:Q72617890
development-plan-timetable,5107525,5107547,local-authority:NOW
development-plan-timetable,5107548,5107570,local-authority:NGM
development-plan-timetable,5102152,5102176,local-authority:NUN
development-plan-timetable,5107571,5107593,local-authority:OAD
development-plan-timetable,5107594,5107616,development-corporation:Q20648596
development-plan-timetable,5107617,5107639,local-authority:OLD
development-plan-timetable,5107640,5107662,local-authority:OXO
development-plan-timetable,5107663,5107685,national-park-authority:Q72617988
development-plan-timetable,5102177,5102201,local-authority:PEN
development-plan-timetable,5107686,5107708,local-authority:PTE
development-plan-timetable,5107709,5107731,local-authority:PLY
development-plan-timetable,5107732,5107754,local-authority:POR
development-plan-timetable,5107755,5107777,local-authority:PRE
development-plan-timetable,5107778,5107800,local-authority:RDG
development-plan-timetable,5107801,5107823,local-authority:RCC
development-plan-timetable,5107824,5107846,local-authority:RED
development-plan-timetable,5107847,5107869,local-authority:REI
development-plan-timetable,5107870,5107892,local-authority:RIB
development-plan-timetable,5107893,5107915,local-authority:RCH
development-plan-timetable,5107916,5107938,local-authority:ROC
development-plan-timetable,5107939,5107961,local-authority:ROS
development-plan-timetable,5107962,5107984,local-authority:ROH
development-plan-timetable,5107985,5108007,local-authority:ROT
development-plan-timetable,5108008,5108030,local-authority:GRE
development-plan-timetable,5108031,5108053,local-authority:KEC
development-plan-timetable,5108054,5108076,local-authority:KTT
development-plan-timetable,5108077,5108099,local-authority:WNM
development-plan-timetable,5108100,5108122,local-authority:RUG
development-plan-timetable,5108123,5108145,local-authority:RUN
development-plan-timetable,5108146,5108168,local-authority:RUS
development-plan-timetable,5108169,5108191,local-authority:RUH
development-plan-timetable,5102202,5102226,local-authority:RUT
development-plan-timetable,5108192,5108214,local-authority:SLF
development-plan-timetable,5102227,5102251,local-authority:SAW
development-plan-timetable,5108215,5108237,local-authority:SFT
development-plan-timetable,5108238,5108260,local-authority:SEV
development-plan-timetable,5108261,5108283,local-authority:SHF
development-plan-timetable,5108284,5108306,local-authority:SHR
development-plan-timetable,5108307,5108329,local-authority:SLG
development-plan-timetable,5108330,5108352,local-authority:SOL
development-plan-timetable,5108353,5108375,local-authority:SUA
development-plan-timetable,5108376,5108398,local-authority:SCA
development-plan-timetable,5108399,5108421,local-authority:SDE
development-plan-timetable,5108422,5108444,national-park-authority:Q20198711
development-plan-timetable,5108445,5108467,local-authority:SGC
development-plan-timetable,5108468,5108490,local-authority:SHA
development-plan-timetable,5108491,5108513,local-authority:SHO
development-plan-timetable,5108514,5108536,local-authority:SKE
development-plan-timetable,5108537,5108559,local-authority:SNO
development-plan-timetable,5102252,5102276,local-authority:SOX
development-plan-timetable,5108560,5108582,local-authority:SRI
development-plan-timetable,5102277,5102301,local-authority:SST
development-plan-timetable,5108583,5108605,development-corporation:Q72456968
development-plan-timetable,5102302,5102326,local-authority:STY
development-plan-timetable,5108606,5108628,local-authority:STH
development-plan-timetable,5108629,5108651,local-authority:SOS
development-plan-timetable,5102327,5102351,local-authority:SPE
development-plan-timetable,5102352,5102376,local-authority:SAL
development-plan-timetable,5108652,5108674,local-authority:SHN
development-plan-timetable,5108675,5108697,local-authority:STA
development-plan-timetable,5108698,5108720,local-authority:STF
development-plan-timetable,5108721,5108743,local-authority:STV
development-plan-timetable,5108744,5108766,local-authority:SKP
development-plan-timetable,5108767,5108789,local-authority:STT
development-plan-timetable,5108790,5108812,local-authority:STE
development-plan-timetable,5108813,5108835,local-authority:STR
development-plan-timetable,5102377,5102401,local-authority:STO
development-plan-timetable,5108836,5108858,local-authority:SND
development-plan-timetable,5102402,5102426,local-authority:SUR
development-plan-timetable,5108859,5108881,local-authority:SWL
development-plan-timetable,5108882,5108904,local-authority:SWD
development-plan-timetable,5108905,5108927,local-authority:TAM
development-plan-timetable,5108928,5108950,local-authority:TAW
development-plan-timetable,5108951,5108973,local-authority:TAN
development-plan-timetable,5102427,5102451,local-authority:TEI
development-plan-timetable,5108974,5108996,local-authority:TFW
development-plan-timetable,5108997,5109019,local-authority:TEN
development-plan-timetable,5109020,5109042,local-authority:TES
development-plan-timetable,5109043,5109065,local-authority:TEW
development-plan-timetable,5109066,5109088,local-authority:THA
development-plan-timetable,5109089,5109111,local-authority:THE
development-plan-timetable,5109112,5109134,local-authority:THR
development-plan-timetable,5109135,5109157,local-authority:TON
development-plan-timetable,5109158,5109180,local-authority:TOB
development-plan-timetable,5109181,5109203,local-authority:TOR
development-plan-timetable,5109204,5109226,local-authority:TRF
development-plan-timetable,5102452,5102476,local-authority:TUN
development-plan-timetable,5109227,5109249,local-authority:UTT
development-plan-timetable,5102477,5102501,local-authority:VAL
development-plan-timetable,5109250,5109272,local-authority:WKF
development-plan-timetable,5109273,5109295,local-authority:WLL
development-plan-timetable,5109296,5109318,local-authority:WRT
development-plan-timetable,5109319,5109341,local-authority:WAW
development-plan-timetable,5109342,5109364,local-authority:WAT
development-plan-timetable,5109365,5109387,local-authority:WAE
development-plan-timetable,5109388,5109410,local-authority:WEA
development-plan-timetable,5109411,5109433,local-authority:WEW
development-plan-timetable,5102502,5102526,local-authority:WBK
development-plan-timetable,5109434,5109456,local-authority:WDE
development-plan-timetable,5109457,5109479,local-authority:WLA
development-plan-timetable,5109480,5109502,local-authority:WLI
development-plan-timetable,5109503,5109525,local-authority:WNUA
development-plan-timetable,5109526,5109548,local-authority:WOX
development-plan-timetable,5109549,5109571,local-authority:WSK
development-plan-timetable,5109572,5109594,local-authority:WFUA
development-plan-timetable,5109595,5109617,local-authority:WGN
development-plan-timetable,5102527,5102551,local-authority:WIL
development-plan-timetable,5102552,5102576,local-authority:WIN
development-plan-timetable,5102577,5102601,local-authority:WRL
development-plan-timetable,5109618,5109640,local-authority:WOI
development-plan-timetable,5102602,5102626,local-authority:WOK
development-plan-timetable,5102652,5102676,local-authority:WOC
development-plan-timetable,5109641,5109663,local-authority:WOT
development-plan-timetable,5102677,5102701,local-authority:WYC
development-plan-timetable,5109664,5109686,local-authority:WYR
development-plan-timetable,5109687,5109709,local-authority:WYE
development-plan-timetable,5109710,5109732,national-park-authority:Q27178932
