prefix,resource,endpoint,entry-number,organisation,reference,entity,entry-date,start-date,end-date
local-plan,,,,government-organisation:D1342,adur-district-council-new-local-plan,4220656,,,
local-plan,,,,government-organisation:D1342,amber-valley-borough-council-new-local-plan,4220657,,,
local-plan,,,,government-organisation:D1342,arun-district-council-new-local-plan,4220658,,,
local-plan,,,,government-organisation:D1342,ashfield-district-council-new-local-plan,4220659,,,
local-plan,,,,government-organisation:D1342,ashford-borough-council-new-local-plan,4220660,,,
local-plan,,,,government-organisation:D1342,babergh-district-council-new-local-plan,4220661,,,
local-plan,,,,government-organisation:D1342,barnsley-metropolitan-borough-council-new-local-plan,4220662,,,
local-plan,,,,government-organisation:D1342,basildon-borough-council-new-local-plan,4220663,,,
local-plan,,,,government-organisation:D1342,basingstoke-and-deane-borough-council-new-local-plan,4220664,,,
local-plan,,,,government-organisation:D1342,bassetlaw-district-council-new-local-plan,4220665,,,
local-plan,,,,government-organisation:D1342,bath-and-north-east-somerset-council-new-local-plan,4220666,,,
local-plan,,,,government-organisation:D1342,bedford-borough-council-new-local-plan,4220667,,,
local-plan,,,,government-organisation:D1342,birmingham-city-council-new-local-plan,4220668,,,
local-plan,,,,government-organisation:D1342,blaby-district-council-new-local-plan,4220669,,,
local-plan,,,,government-organisation:D1342,blackburn-with-darwen-borough-council-new-local-plan,4220670,,,
local-plan,,,,government-organisation:D1342,blackpool-borough-council-new-local-plan,4220671,,,
local-plan,,,,government-organisation:D1342,bolsover-district-council-new-local-plan,4220672,,,
local-plan,,,,government-organisation:D1342,bolton-metropolitan-borough-council-new-local-plan,4220673,,,
local-plan,,,,government-organisation:D1342,borough-council-of-kings-lynn-and-west-norfolk-new-local-plan,4220674,,,
local-plan,,,,government-organisation:D1342,boston-borough-council-new-local-plan,4220675,,,
local-plan,,,,government-organisation:D1342,bournemouth-christchurch-and-poole-council-new-local-plan,4220676,,,
local-plan,,,,government-organisation:D1342,bracknell-forest-council-new-local-plan,4220677,,,
local-plan,,,,government-organisation:D1342,braintree-district-council-new-local-plan,4220678,,,
local-plan,,,,government-organisation:D1342,breckland-district-council-new-local-plan,4220679,,,
local-plan,,,,government-organisation:D1342,brentwood-borough-council-new-local-plan,4220680,,,
local-plan,,,,government-organisation:D1342,brighton-and-hove-city-council-new-local-plan,4220681,,,
local-plan,,,,government-organisation:D1342,bristol-city-council-new-local-plan,4220682,,,
local-plan,,,,government-organisation:D1342,broadland-district-council-new-local-plan,4220683,,,
local-plan,,,,government-organisation:D1342,broads-authority-new-local-plan,4220684,,,
local-plan,,,,government-organisation:D1342,bromsgrove-district-council-new-local-plan,4220685,,,
local-plan,,,,government-organisation:D1342,broxbourne-borough-council-new-local-plan,4220686,,,
local-plan,,,,government-organisation:D1342,broxtowe-borough-council-new-local-plan,4220687,,,
local-plan,,,,government-organisation:D1342,buckinghamshire-council-new-local-plan,4220688,,,
local-plan,,,,government-organisation:D1342,burnley-borough-council-new-local-plan,4220689,,,
local-plan,,,,government-organisation:D1342,bury-metropolitan-borough-council-new-local-plan,4220690,,,
local-plan,,,,government-organisation:D1342,calderdale-metropolitan-borough-council-new-local-plan,4220691,,,
local-plan,,,,government-organisation:D1342,cambridge-city-council-new-local-plan,4220692,,,
local-plan,,,,government-organisation:D1342,cannock-chase-district-council-new-local-plan,4220693,,,
local-plan,,,,government-organisation:D1342,canterbury-city-council-new-local-plan,4220694,,,
local-plan,,,,government-organisation:D1342,castle-point-borough-council-new-local-plan,4220695,,,
local-plan,,,,government-organisation:D1342,central-bedfordshire-council-new-local-plan,4220696,,,
local-plan,,,,government-organisation:D1342,charnwood-borough-council-new-local-plan,4220697,,,
local-plan,,,,government-organisation:D1342,chelmsford-city-council-new-local-plan,4220698,,,
local-plan,,,,government-organisation:D1342,cheltenham-borough-council-new-local-plan,4220699,,,
local-plan,,,,government-organisation:D1342,cherwell-district-council-new-local-plan,4220700,,,
local-plan,,,,government-organisation:D1342,cheshire-east-council-new-local-plan,4220701,,,
local-plan,,,,government-organisation:D1342,cheshire-west-and-chester-council-new-local-plan,4220702,,,
local-plan,,,,government-organisation:D1342,chesterfield-borough-council-new-local-plan,4220703,,,
local-plan,,,,government-organisation:D1342,chichester-district-council-new-local-plan,4220704,,,
local-plan,,,,government-organisation:D1342,chorley-borough-council-new-local-plan,4220705,,,
local-plan,,,,government-organisation:D1342,city-of-bradford-metropolitan-district-council-new-local-plan,4220706,,,
local-plan,,,,government-organisation:D1342,city-of-lincoln-council-new-local-plan,4220707,,,
local-plan,,,,government-organisation:D1342,city-of-london-corporation-new-local-plan,4220708,,,
local-plan,,,,government-organisation:D1342,city-of-westminster-new-local-plan,4220709,,,
local-plan,,,,government-organisation:D1342,city-of-wolverhampton-council-new-local-plan,4220710,,,
local-plan,,,,government-organisation:D1342,city-of-york-council-new-local-plan,4220711,,,
local-plan,,,,government-organisation:D1342,colchester-city-council-new-local-plan,4220712,,,
local-plan,,,,government-organisation:D1342,cornwall-council-new-local-plan,4220713,,,
local-plan,,,,government-organisation:D1342,cotswold-district-council-new-local-plan,4220714,,,
local-plan,,,,government-organisation:D1342,council-of-the-isles-of-scilly-new-local-plan,4220715,,,
local-plan,,,,government-organisation:D1342,coventry-city-council-new-local-plan,4220716,,,
local-plan,,,,government-organisation:D1342,crawley-borough-council-new-local-plan,4220717,,,
local-plan,,,,government-organisation:D1342,cumberland-council-new-local-plan,4220718,,,
local-plan,,,,government-organisation:D1342,dacorum-borough-council-new-local-plan,4220719,,,
local-plan,,,,government-organisation:D1342,darlington-borough-council-new-local-plan,4220720,,,
local-plan,,,,government-organisation:D1342,dartford-borough-council-new-local-plan,4220721,,,
local-plan,,,,government-organisation:D1342,dartmoor-national-park-authority-new-local-plan,4220722,,,
local-plan,,,,government-organisation:D1342,derby-city-council-new-local-plan,4220723,,,
local-plan,,,,government-organisation:D1342,derbyshire-dales-district-council-new-local-plan,4220724,,,
local-plan,,,,government-organisation:D1342,doncaster-metropolitan-borough-council-new-local-plan,4220725,,,
local-plan,,,,government-organisation:D1342,dorset-council-new-local-plan,4220726,,,
local-plan,,,,government-organisation:D1342,dover-district-council-new-local-plan,4220727,,,
local-plan,,,,government-organisation:D1342,dudley-metropolitan-borough-council-new-local-plan,4220728,,,
local-plan,,,,government-organisation:D1342,durham-county-council-new-local-plan,4220729,,,
local-plan,,,,government-organisation:D1342,east-cambridgeshire-district-council-new-local-plan,4220730,,,
local-plan,,,,government-organisation:D1342,east-devon-district-council-new-local-plan,4220731,,,
local-plan,,,,government-organisation:D1342,east-hampshire-district-council-new-local-plan,4220732,,,
local-plan,,,,government-organisation:D1342,east-hertfordshire-district-council-new-local-plan,4220733,,,
local-plan,,,,government-organisation:D1342,east-lindsey-district-council-new-local-plan,4220734,,,
local-plan,,,,government-organisation:D1342,east-riding-of-yorkshire-council-new-local-plan,4220735,,,
local-plan,,,,government-organisation:D1342,east-staffordshire-borough-council-new-local-plan,4220736,,,
local-plan,,,,government-organisation:D1342,east-suffolk-council-new-local-plan,4220737,,,
local-plan,,,,government-organisation:D1342,eastbourne-borough-council-new-local-plan,4220738,,,
local-plan,,,,government-organisation:D1342,eastleigh-borough-council-new-local-plan,4220739,,,
local-plan,,,,government-organisation:D1342,ebbsfleet-development-corporation-new-local-plan,4220740,,,
local-plan,,,,government-organisation:D1342,elmbridge-borough-council-new-local-plan,4220741,,,
local-plan,,,,government-organisation:D1342,epping-forest-district-council-new-local-plan,4220742,,,
local-plan,,,,government-organisation:D1342,epsom-and-ewell-borough-council-new-local-plan,4220743,,,
local-plan,,,,government-organisation:D1342,erewash-borough-council-new-local-plan,4220744,,,
local-plan,,,,government-organisation:D1342,exeter-city-council-new-local-plan,4220745,,,
local-plan,,,,government-organisation:D1342,exmoor-national-park-authority-new-local-plan,4220746,,,
local-plan,,,,government-organisation:D1342,fareham-borough-council-new-local-plan,4220747,,,
local-plan,,,,government-organisation:D1342,fenland-district-council-new-local-plan,4220748,,,
local-plan,,,,government-organisation:D1342,folkestone-and-hythe-council-new-local-plan,4220749,,,
local-plan,,,,government-organisation:D1342,forest-of-dean-district-council-new-local-plan,4220750,,,
local-plan,,,,government-organisation:D1342,fylde-borough-council-new-local-plan,4220751,,,
local-plan,,,,government-organisation:D1342,gateshead-metropolitan-borough-council-new-local-plan,4220752,,,
local-plan,,,,government-organisation:D1342,gedling-borough-council-new-local-plan,4220753,,,
local-plan,,,,government-organisation:D1342,gloucester-city-council-new-local-plan,4220754,,,
local-plan,,,,government-organisation:D1342,gosport-borough-council-new-local-plan,4220755,,,
local-plan,,,,government-organisation:D1342,gravesham-borough-council-new-local-plan,4220756,,,
local-plan,,,,government-organisation:D1342,great-yarmouth-borough-council-new-local-plan,4220757,,,
local-plan,,,,government-organisation:D1342,guildford-borough-council-new-local-plan,4220758,,,
local-plan,,,,government-organisation:D1342,halton-borough-council-new-local-plan,4220759,,,
local-plan,,,,government-organisation:D1342,harborough-district-council-new-local-plan,4220760,,,
local-plan,,,,government-organisation:D1342,harlow-district-council-new-local-plan,4220761,,,
local-plan,,,,government-organisation:D1342,hart-district-council-new-local-plan,4220762,,,
local-plan,,,,government-organisation:D1342,hartlepool-borough-council-new-local-plan,4220763,,,
local-plan,,,,government-organisation:D1342,hartlepool-development-corporation-new-local-plan,4220764,,,
local-plan,,,,government-organisation:D1342,hastings-borough-council-new-local-plan,4220765,,,
local-plan,,,,government-organisation:D1342,havant-borough-council-new-local-plan,4220766,,,
local-plan,,,,government-organisation:D1342,herefordshire-council-new-local-plan,4220767,,,
local-plan,,,,government-organisation:D1342,hertsmere-borough-council-new-local-plan,4220768,,,
local-plan,,,,government-organisation:D1342,high-peak-borough-council-new-local-plan,4220769,,,
local-plan,,,,government-organisation:D1342,hinckley-and-bosworth-borough-council-new-local-plan,4220770,,,
local-plan,,,,government-organisation:D1342,horsham-district-council-new-local-plan,4220771,,,
local-plan,,,,government-organisation:D1342,hull-city-council-new-local-plan,4220772,,,
local-plan,,,,government-organisation:D1342,huntingdonshire-district-council-new-local-plan,4220773,,,
local-plan,,,,government-organisation:D1342,hyndburn-borough-council-new-local-plan,4220774,,,
local-plan,,,,government-organisation:D1342,ipswich-borough-council-new-local-plan,4220775,,,
local-plan,,,,government-organisation:D1342,isle-of-wight-council-new-local-plan,4220776,,,
local-plan,,,,government-organisation:D1342,kirklees-council-new-local-plan,4220777,,,
local-plan,,,,government-organisation:D1342,knowsley-metropolitan-borough-council-new-local-plan,4220778,,,
local-plan,,,,government-organisation:D1342,lake-district-national-park-authority-new-local-plan,4220779,,,
local-plan,,,,government-organisation:D1342,lancaster-city-council-new-local-plan,4220780,,,
local-plan,,,,government-organisation:D1342,leeds-city-council-new-local-plan,4220781,,,
local-plan,,,,government-organisation:D1342,leicester-city-council-new-local-plan,4220782,,,
local-plan,,,,government-organisation:D1342,lewes-district-council-new-local-plan,4220783,,,
local-plan,,,,government-organisation:D1342,lichfield-district-council-new-local-plan,4220784,,,
local-plan,,,,government-organisation:D1342,liverpool-city-council-new-local-plan,4220785,,,
local-plan,,,,government-organisation:D1342,london-borough-of-barking-and-dagenham-new-local-plan,4220786,,,
local-plan,,,,government-organisation:D1342,london-borough-of-barnet-new-local-plan,4220787,,,
local-plan,,,,government-organisation:D1342,london-borough-of-bexley-new-local-plan,4220788,,,
local-plan,,,,government-organisation:D1342,london-borough-of-brent-new-local-plan,4220789,,,
local-plan,,,,government-organisation:D1342,london-borough-of-bromley-new-local-plan,4220790,,,
local-plan,,,,government-organisation:D1342,london-borough-of-camden-new-local-plan,4220791,,,
local-plan,,,,government-organisation:D1342,london-borough-of-croydon-new-local-plan,4220792,,,
local-plan,,,,government-organisation:D1342,london-borough-of-ealing-new-local-plan,4220793,,,
local-plan,,,,government-organisation:D1342,london-borough-of-enfield-new-local-plan,4220794,,,
local-plan,,,,government-organisation:D1342,london-borough-of-hackney-new-local-plan,4220795,,,
local-plan,,,,government-organisation:D1342,london-borough-of-hammersmith-and-fulham-new-local-plan,4220796,,,
local-plan,,,,government-organisation:D1342,london-borough-of-haringey-new-local-plan,4220797,,,
local-plan,,,,government-organisation:D1342,london-borough-of-harrow-new-local-plan,4220798,,,
local-plan,,,,government-organisation:D1342,london-borough-of-havering-new-local-plan,4220799,,,
local-plan,,,,government-organisation:D1342,london-borough-of-hillingdon-new-local-plan,4220800,,,
local-plan,,,,government-organisation:D1342,london-borough-of-hounslow-new-local-plan,4220801,,,
local-plan,,,,government-organisation:D1342,london-borough-of-islington-new-local-plan,4220802,,,
local-plan,,,,government-organisation:D1342,london-borough-of-lambeth-new-local-plan,4220803,,,
local-plan,,,,government-organisation:D1342,london-borough-of-lewisham-new-local-plan,4220804,,,
local-plan,,,,government-organisation:D1342,london-borough-of-merton-new-local-plan,4220805,,,
local-plan,,,,government-organisation:D1342,london-borough-of-newham-new-local-plan,4220806,,,
local-plan,,,,government-organisation:D1342,london-borough-of-redbridge-new-local-plan,4220807,,,
local-plan,,,,government-organisation:D1342,london-borough-of-richmond-upon-thames-new-local-plan,4220808,,,
local-plan,,,,government-organisation:D1342,london-borough-of-southwark-new-local-plan,4220809,,,
local-plan,,,,government-organisation:D1342,london-borough-of-sutton-new-local-plan,4220810,,,
local-plan,,,,government-organisation:D1342,london-borough-of-tower-hamlets-new-local-plan,4220811,,,
local-plan,,,,government-organisation:D1342,london-borough-of-waltham-forest-new-local-plan,4220812,,,
local-plan,,,,government-organisation:D1342,london-borough-of-wandsworth-new-local-plan,4220813,,,
local-plan,,,,government-organisation:D1342,luton-borough-council-new-local-plan,4220814,,,
local-plan,,,,government-organisation:D1342,maidstone-borough-council-new-local-plan,4220815,,,
local-plan,,,,government-organisation:D1342,maldon-district-council-new-local-plan,4220816,,,
local-plan,,,,government-organisation:D1342,malvern-hills-district-council-new-local-plan,4220817,,,
local-plan,,,,government-organisation:D1342,manchester-city-council-new-local-plan,4220818,,,
local-plan,,,,government-organisation:D1342,mansfield-district-council-new-local-plan,4220819,,,
local-plan,,,,government-organisation:D1342,medway-council-new-local-plan,4220820,,,
local-plan,,,,government-organisation:D1342,melton-borough-council-new-local-plan,4220821,,,
local-plan,,,,government-organisation:D1342,mid-devon-district-council-new-local-plan,4220822,,,
local-plan,,,,government-organisation:D1342,mid-suffolk-district-council-new-local-plan,4220823,,,
local-plan,,,,government-organisation:D1342,mid-sussex-district-council-new-local-plan,4220824,,,
local-plan,,,,government-organisation:D1342,middlesbrough-borough-council-new-local-plan,4220825,,,
local-plan,,,,government-organisation:D1342,middlesbrough-development-corporation-new-local-plan,4220826,,,
local-plan,,,,government-organisation:D1342,milton-keynes-city-council-new-local-plan,4220827,,,
local-plan,,,,government-organisation:D1342,mole-valley-district-council-new-local-plan,4220828,,,
local-plan,,,,government-organisation:D1342,new-forest-district-council-new-local-plan,4220829,,,
local-plan,,,,government-organisation:D1342,new-forest-national-park-authority-new-local-plan,4220830,,,
local-plan,,,,government-organisation:D1342,newark-and-sherwood-district-council-new-local-plan,4220831,,,
local-plan,,,,government-organisation:D1342,newcastle-city-council-new-local-plan,4220832,,,
local-plan,,,,government-organisation:D1342,newcastle-under-lyme-borough-council-new-local-plan,4220833,,,
local-plan,,,,government-organisation:D1342,north-devon-district-council-new-local-plan,4220834,,,
local-plan,,,,government-organisation:D1342,north-east-derbyshire-district-council-new-local-plan,4220835,,,
local-plan,,,,government-organisation:D1342,north-east-lincolnshire-council-new-local-plan,4220836,,,
local-plan,,,,government-organisation:D1342,north-hertfordshire-district-council-new-local-plan,4220837,,,
local-plan,,,,government-organisation:D1342,north-kesteven-district-council-new-local-plan,4220838,,,
local-plan,,,,government-organisation:D1342,north-lincolnshire-council-new-local-plan,4220839,,,
local-plan,,,,government-organisation:D1342,north-norfolk-district-council-new-local-plan,4220840,,,
local-plan,,,,government-organisation:D1342,north-northamptonshire-council-new-local-plan,4220841,,,
local-plan,,,,government-organisation:D1342,north-somerset-council-new-local-plan,4220842,,,
local-plan,,,,government-organisation:D1342,north-tyneside-council-new-local-plan,4220843,,,
local-plan,,,,government-organisation:D1342,north-warwickshire-borough-council-new-local-plan,4220844,,,
local-plan,,,,government-organisation:D1342,north-west-leicestershire-district-council-new-local-plan,4220845,,,
local-plan,,,,government-organisation:D1342,north-york-moors-national-park-authority-new-local-plan,4220846,,,
local-plan,,,,government-organisation:D1342,north-yorkshire-council-new-local-plan,4220847,,,
local-plan,,,,government-organisation:D1342,northumberland-county-council-new-local-plan,4220848,,,
local-plan,,,,government-organisation:D1342,northumberland-national-park-authority-new-local-plan,4220849,,,
local-plan,,,,government-organisation:D1342,norwich-city-council-new-local-plan,4220850,,,
local-plan,,,,government-organisation:D1342,nottingham-city-council-new-local-plan,4220851,,,
local-plan,,,,government-organisation:D1342,nuneaton-and-bedworth-borough-council-new-local-plan,4220852,,,
local-plan,,,,government-organisation:D1342,oadby-and-wigston-borough-council-new-local-plan,4220853,,,
local-plan,,,,government-organisation:D1342,old-oak-and-park-royal-development-corporation-new-local-plan,4220854,,,
local-plan,,,,government-organisation:D1342,oldham-metropolitan-borough-council-new-local-plan,4220855,,,
local-plan,,,,government-organisation:D1342,oxford-city-council-new-local-plan,4220856,,,
local-plan,,,,government-organisation:D1342,peak-district-national-park-authority-new-local-plan,4220857,,,
local-plan,,,,government-organisation:D1342,pendle-borough-council-new-local-plan,4220858,,,
local-plan,,,,government-organisation:D1342,peterborough-city-council-new-local-plan,4220859,,,
local-plan,,,,government-organisation:D1342,plymouth-city-council-new-local-plan,4220860,,,
local-plan,,,,government-organisation:D1342,portsmouth-city-council-new-local-plan,4220861,,,
local-plan,,,,government-organisation:D1342,preston-city-council-new-local-plan,4220862,,,
local-plan,,,,government-organisation:D1342,reading-borough-council-new-local-plan,4220863,,,
local-plan,,,,government-organisation:D1342,redcar-and-cleveland-borough-council-new-local-plan,4220864,,,
local-plan,,,,government-organisation:D1342,redditch-borough-council-new-local-plan,4220865,,,
local-plan,,,,government-organisation:D1342,reigate-and-banstead-borough-council-new-local-plan,4220866,,,
local-plan,,,,government-organisation:D1342,ribble-valley-borough-council-new-local-plan,4220867,,,
local-plan,,,,government-organisation:D1342,rochdale-metropolitan-borough-council-new-local-plan,4220868,,,
local-plan,,,,government-organisation:D1342,rochford-district-council-new-local-plan,4220869,,,
local-plan,,,,government-organisation:D1342,rossendale-borough-council-new-local-plan,4220870,,,
local-plan,,,,government-organisation:D1342,rother-district-council-new-local-plan,4220871,,,
local-plan,,,,government-organisation:D1342,rotherham-metropolitan-borough-council-new-local-plan,4220872,,,
local-plan,,,,government-organisation:D1342,royal-borough-of-greenwich-new-local-plan,4220873,,,
local-plan,,,,government-organisation:D1342,royal-borough-of-kensington-and-chelsea-new-local-plan,4220874,,,
local-plan,,,,government-organisation:D1342,royal-borough-of-kingston-upon-thames-new-local-plan,4220875,,,
local-plan,,,,government-organisation:D1342,royal-borough-of-windsor-and-maidenhead-new-local-plan,4220876,,,
local-plan,,,,government-organisation:D1342,rugby-borough-council-new-local-plan,4220877,,,
local-plan,,,,government-organisation:D1342,runnymede-borough-council-new-local-plan,4220878,,,
local-plan,,,,government-organisation:D1342,rushcliffe-borough-council-new-local-plan,4220879,,,
local-plan,,,,government-organisation:D1342,rushmoor-borough-council-new-local-plan,4220880,,,
local-plan,,,,government-organisation:D1342,rutland-county-council-new-local-plan,4220881,,,
local-plan,,,,government-organisation:D1342,salford-city-council-new-local-plan,4220882,,,
local-plan,,,,government-organisation:D1342,sandwell-metropolitan-borough-council-new-local-plan,4220883,,,
local-plan,,,,government-organisation:D1342,sefton-metropolitan-borough-council-new-local-plan,4220884,,,
local-plan,,,,government-organisation:D1342,sevenoaks-district-council-new-local-plan,4220885,,,
local-plan,,,,government-organisation:D1342,sheffield-city-council-new-local-plan,4220886,,,
local-plan,,,,government-organisation:D1342,shropshire-council-new-local-plan,4220887,,,
local-plan,,,,government-organisation:D1342,slough-borough-council-new-local-plan,4220888,,,
local-plan,,,,government-organisation:D1342,solihull-metropolitan-borough-council-new-local-plan,4220889,,,
local-plan,,,,government-organisation:D1342,somerset-council-new-local-plan,4220890,,,
local-plan,,,,government-organisation:D1342,south-cambridgeshire-district-council-new-local-plan,4220891,,,
local-plan,,,,government-organisation:D1342,south-derbyshire-district-council-new-local-plan,4220892,,,
local-plan,,,,government-organisation:D1342,south-downs-national-park-authority-new-local-plan,4220893,,,
local-plan,,,,government-organisation:D1342,south-gloucestershire-council-new-local-plan,4220894,,,
local-plan,,,,government-organisation:D1342,south-hams-district-council-new-local-plan,4220895,,,
local-plan,,,,government-organisation:D1342,south-holland-district-council-new-local-plan,4220896,,,
local-plan,,,,government-organisation:D1342,south-kesteven-district-council-new-local-plan,4220897,,,
local-plan,,,,government-organisation:D1342,south-norfolk-district-council-new-local-plan,4220898,,,
local-plan,,,,government-organisation:D1342,south-oxfordshire-district-council-new-local-plan,4220899,,,
local-plan,,,,government-organisation:D1342,south-ribble-borough-council-new-local-plan,4220900,,,
local-plan,,,,government-organisation:D1342,south-staffordshire-council-new-local-plan,4220901,,,
local-plan,,,,government-organisation:D1342,south-tees-development-corporation-new-local-plan,4220902,,,
local-plan,,,,government-organisation:D1342,south-tyneside-council-new-local-plan,4220903,,,
local-plan,,,,government-organisation:D1342,southampton-city-council-new-local-plan,4220904,,,
local-plan,,,,government-organisation:D1342,southend-on-sea-borough-council-new-local-plan,4220905,,,
local-plan,,,,government-organisation:D1342,spelthorne-borough-council-new-local-plan,4220906,,,
local-plan,,,,government-organisation:D1342,st-albans-city-and-district-council-new-local-plan,4220907,,,
local-plan,,,,government-organisation:D1342,st-helens-council-new-local-plan,4220908,,,
local-plan,,,,government-organisation:D1342,stafford-borough-council-new-local-plan,4220909,,,
local-plan,,,,government-organisation:D1342,staffordshire-moorlands-district-council-new-local-plan,4220910,,,
local-plan,,,,government-organisation:D1342,stevenage-borough-council-new-local-plan,4220911,,,
local-plan,,,,government-organisation:D1342,stockport-metropolitan-borough-council-new-local-plan,4220912,,,
local-plan,,,,government-organisation:D1342,stockton-on-tees-borough-council-new-local-plan,4220913,,,
local-plan,,,,government-organisation:D1342,stoke-on-trent-city-council-new-local-plan,4220914,,,
local-plan,,,,government-organisation:D1342,stratford-on-avon-district-council-new-local-plan,4220915,,,
local-plan,,,,government-organisation:D1342,stroud-district-council-new-local-plan,4220916,,,
local-plan,,,,government-organisation:D1342,sunderland-city-council-new-local-plan,4220917,,,
local-plan,,,,government-organisation:D1342,surrey-heath-borough-council-new-local-plan,4220918,,,
local-plan,,,,government-organisation:D1342,swale-borough-council-new-local-plan,4220919,,,
local-plan,,,,government-organisation:D1342,swindon-borough-council-new-local-plan,4220920,,,
local-plan,,,,government-organisation:D1342,tameside-metropolitan-borough-council-new-local-plan,4220921,,,
local-plan,,,,government-organisation:D1342,tamworth-borough-council-new-local-plan,4220922,,,
local-plan,,,,government-organisation:D1342,tandridge-district-council-new-local-plan,4220923,,,
local-plan,,,,government-organisation:D1342,teignbridge-district-council-new-local-plan,4220924,,,
local-plan,,,,government-organisation:D1342,telford-and-wrekin-council-new-local-plan,4220925,,,
local-plan,,,,government-organisation:D1342,tendring-district-council-new-local-plan,4220926,,,
local-plan,,,,government-organisation:D1342,test-valley-borough-council-new-local-plan,4220927,,,
local-plan,,,,government-organisation:D1342,tewkesbury-borough-council-new-local-plan,4220928,,,
local-plan,,,,government-organisation:D1342,thanet-district-council-new-local-plan,4220929,,,
local-plan,,,,government-organisation:D1342,three-rivers-district-council-new-local-plan,4220930,,,
local-plan,,,,government-organisation:D1342,thurrock-council-new-local-plan,4220931,,,
local-plan,,,,government-organisation:D1342,tonbridge-and-malling-borough-council-new-local-plan,4220932,,,
local-plan,,,,government-organisation:D1342,torbay-council-new-local-plan,4220933,,,
local-plan,,,,government-organisation:D1342,torridge-district-council-new-local-plan,4220934,,,
local-plan,,,,government-organisation:D1342,trafford-metropolitan-borough-council-new-local-plan,4220935,,,
local-plan,,,,government-organisation:D1342,tunbridge-wells-borough-council-new-local-plan,4220936,,,
local-plan,,,,government-organisation:D1342,uttlesford-district-council-new-local-plan,4220937,,,
local-plan,,,,government-organisation:D1342,vale-of-white-horse-district-council-new-local-plan,4220938,,,
local-plan,,,,government-organisation:D1342,wakefield-metropolitan-district-council-new-local-plan,4220939,,,
local-plan,,,,government-organisation:D1342,walsall-metropolitan-borough-council-new-local-plan,4220940,,,
local-plan,,,,government-organisation:D1342,warrington-borough-council-new-local-plan,4220941,,,
local-plan,,,,government-organisation:D1342,warwick-district-council-new-local-plan,4220942,,,
local-plan,,,,government-organisation:D1342,watford-borough-council-new-local-plan,4220943,,,
local-plan,,,,government-organisation:D1342,waverley-borough-council-new-local-plan,4220944,,,
local-plan,,,,government-organisation:D1342,wealden-district-council-new-local-plan,4220945,,,
local-plan,,,,government-organisation:D1342,welwyn-hatfield-borough-council-new-local-plan,4220946,,,
local-plan,,,,government-organisation:D1342,west-berkshire-council-new-local-plan,4220947,,,
local-plan,,,,government-organisation:D1342,west-devon-borough-council-new-local-plan,4220948,,,
local-plan,,,,government-organisation:D1342,west-lancashire-borough-council-new-local-plan,4220949,,,
local-plan,,,,government-organisation:D1342,west-lindsey-district-council-new-local-plan,4220950,,,
local-plan,,,,government-organisation:D1342,west-northamptonshire-council-new-local-plan,4220951,,,
local-plan,,,,government-organisation:D1342,west-oxfordshire-district-council-new-local-plan,4220952,,,
local-plan,,,,government-organisation:D1342,west-suffolk-council-new-local-plan,4220953,,,
local-plan,,,,government-organisation:D1342,westmorland-and-furness-council-new-local-plan,4220954,,,
local-plan,,,,government-organisation:D1342,wigan-metropolitan-borough-council-new-local-plan,4220955,,,
local-plan,,,,government-organisation:D1342,wiltshire-council-new-local-plan,4220956,,,
local-plan,,,,government-organisation:D1342,winchester-city-council-new-local-plan,4220957,,,
local-plan,,,,government-organisation:D1342,wirral-borough-council-new-local-plan,4220958,,,
local-plan,,,,government-organisation:D1342,woking-borough-council-new-local-plan,4220959,,,
local-plan,,,,government-organisation:D1342,wokingham-borough-council-new-local-plan,4220960,,,
local-plan,,,,government-organisation:D1342,worcester-city-council-new-local-plan,4220961,,,
local-plan,,,,government-organisation:D1342,worthing-borough-council-new-local-plan,4220962,,,
local-plan,,,,government-organisation:D1342,wychavon-district-council-new-local-plan,4220963,,,
local-plan,,,,government-organisation:D1342,wyre-borough-council-new-local-plan,4220964,,,
local-plan,,,,government-organisation:D1342,wyre-forest-district-council-new-local-plan,4220965,,,
local-plan,,,,government-organisation:D1342,yorkshire-dales-national-park-authority-new-local-plan,4220966,,,
